player_id,player_name,position,team,projection_standard,projection_half_ppr,projection_ppr,dynasty_value
JohnWi98,Will Johnson,cb,ARI,0.0,0.0,0.0,
BurkDe99,Denzel Burke,cb,ARI,0.0,0.0,0.0,
MeltMa99,Max Melton,cb,ARI,0.0,0.0,0.0,
BakeBu99,Budda Baker,s,ARI,0.0,0.0,0.0,
WingAn99,Andrew Wingard,s,ARI,0.0,0.0,0.0,
NoleWa99,Walter Nolen III,dt,ARI,0.0,0.0,0.0,
StilDa97,Dante Stills,dt,ARI,0.0,0.0,0.0,
LopeRo99,Roy Lopez,dt,ARI,0.0,0.0,0.0,
RobiDa96,Darius Robinson,dt,ARI,0.0,0.0,0.0,
SweaJo99,Josh Sweat,de,ARI,0.0,0.0,0.0,
BrowBa98,Baron Browning,de,ARI,0.0,0.0,0.0,
BurcJo99,Jordan Burch,de,ARI,0.0,0.0,0.0,
CollZa99,Zaven Collins,de,ARI,0.0,0.0,0.0,
WilsMa98,Mack Wilson Sr.,lb,ARI,0.0,0.0,0.0,
GibbJa99,Jack Gibbens,lb,ARI,0.0,0.0,0.0,
TerrAJ99,A.J. Terrell Jr.,cb,ATL,0.0,0.0,0.0,
HughMi99,Mike Hughes,cb,ATL,0.0,0.0,0.0,
TerrAv99,Avieon Terrell,cb,ATL,0.0,0.0,0.0,
BateJe99,Jessie Bates III,s,ATL,0.0,0.0,0.0,
WattXa99,Xavier Watts,s,ATL,0.0,0.0,0.0,
BrowSy99,Sydney Brown,s,ATL,0.0,0.0,0.0,
LondLa99,LaCale London,dt,ATL,0.0,0.0,0.0,
DextGe99,Gervon Dexter Sr,dt,ATL,0.0,0.0,0.0,
SmitMa91,Maason Smith,dt,ATL,0.0,0.0,0.0,
DorlBr99,Brandon Dorlus,dt,ATL,0.0,0.0,0.0,
EbukSa99,Samson Ebukam,de,ATL,0.0,0.0,0.0,
ThomCa96,Cameron Thomas,de,ATL,0.0,0.0,0.0,
SmitZa99,Za'Darius Smith,de,ATL,0.0,0.0,0.0,
DaniKe99,Kendal Daniels,lb,ATL,0.0,0.0,0.0,
DeabDi99,Divine Deablo,lb,ATL,0.0,0.0,0.0,
PerkHa99,Harold Perkins Jr.,lb,ATL,0.0,0.0,0.0,
HumpMa99,Marlon Humphrey,cb,BAL,0.0,0.0,0.0,
WiggNa99,Nate Wiggins,cb,BAL,0.0,0.0,0.0,
MartKe99,Keyon Martin,cb,BAL,0.0,0.0,0.0,
HamiKy99,Kyle Hamilton,s,BAL,0.0,0.0,0.0,
StarMa99,Malaki Starks,s,BAL,0.0,0.0,0.0,
HawkJa99,Jaylinn Hawkins,s,BAL,0.0,0.0,0.0,
JoneTr99,Travis Jones,dt,BAL,0.0,0.0,0.0,
CampCa99,Calais Campbell,dt,BAL,0.0,0.0,0.0,
JenkJo99,John Jenkins,dt,BAL,0.0,0.0,0.0,
WashBr99,Broderick Washington Jr.,dt,BAL,0.0,0.0,0.0,
RobiTa99,Tavius Robinson,de,BAL,0.0,0.0,0.0,
HendTr99,Trey Hendrickson,de,BAL,0.0,0.0,0.0,
GreeMi97,Mike Green,de,BAL,0.0,0.0,0.0,
YounZi99,Zion Young,de,BAL,0.0,0.0,0.0,
SmitRo98,Roquan Smith,lb,BAL,0.0,0.0,0.0,
SimpTr99,Trenton Simpson,lb,BAL,0.0,0.0,0.0,
BenfCh99,Christian Benford,cb,BUF,0.0,0.0,0.0,
HairMa99,Maxwell Hairston,cb,BUF,0.0,0.0,0.0,
AlfoDe99,Dee Alford,cb,BUF,0.0,0.0,0.0,
BishCo99,Cole Bishop,s,BUF,0.0,0.0,0.0,
GardCh99,C.J. Gardner-Johnson,s,BUF,0.0,0.0,0.0,
HamlDa99,Damar Hamlin,s,BUF,0.0,0.0,0.0,
OlivEd99,Ed Oliver,dt,BUF,0.0,0.0,0.0,
WalkDe96,Deone Walker,dt,BUF,0.0,0.0,0.0,
CartDe99,DeWayne Carter,dt,BUF,0.0,0.0,0.0,
RousGr99,Greg Rousseau,de,BUF,0.0,0.0,0.0,
ChubBr99,Bradley Chubb,de,BUF,0.0,0.0,0.0,
ParkTJ99,TJ Parker,de,BUF,0.0,0.0,0.0,
HoecMi99,Michael Hoecht,de,BUF,0.0,0.0,0.0,
SoloJa99,Javon Solomon,de,BUF,0.0,0.0,0.0,
BernTe99,Terrel Bernard,lb,BUF,0.0,0.0,0.0,
ElarKa99,Kaleb Elarms-Orr,lb,BUF,0.0,0.0,0.0,
WillDo98,Dorian Williams,lb,BUF,0.0,0.0,0.0,
HornJa99,Jaycee Horn,cb,CAR,0.0,0.0,0.0,
JackMi99,Mike Jackson,cb,CAR,0.0,0.0,0.0,
SmitCh96,Chau Smith-Wade,cb,CAR,0.0,0.0,0.0,
LeeIWi99,Will Lee III,cb,CAR,0.0,0.0,0.0,
ScotNi98,Nick Scott,s,CAR,0.0,0.0,0.0,
MoehTr99,Tre'von Moehrig,s,CAR,0.0,0.0,0.0,
RansLa98,Lathan Ransom,s,CAR,0.0,0.0,0.0,
BrowDe97,Derrick Brown,dt,CAR,0.0,0.0,0.0,
HallAa99,Aaron Hall,dt,CAR,0.0,0.0,0.0,
HuntLe99,Lee Hunter,dt,CAR,0.0,0.0,0.0,
BrowBo99,Bobby Brown III,dt,CAR,0.0,0.0,0.0,
PhilJa97,Jaelan Phillips,de,CAR,0.0,0.0,0.0,
GipsTr99,Trevis Gipson,de,CAR,0.0,0.0,0.0,
UmanPr98,Princely Umanmielen,de,CAR,0.0,0.0,0.0,
LloyDe99,Devin Lloyd,lb,CAR,0.0,0.0,0.0,
OkerBo99,Bobby Okereke,lb,CAR,0.0,0.0,0.0,
StevTy99,Tyrique Stevenson Sr.,cb,CHI,0.0,0.0,0.0,
JohnJa94,Jaylon Johnson,cb,CHI,0.0,0.0,0.0,
MuhaMa99,Malik Muhammad II,cb,CHI,0.0,0.0,0.0,
ThieDi99,Dillon Thieneman,s,CHI,0.0,0.0,0.0,
LewiCa99,Cam Lewis,s,CHI,0.0,0.0,0.0,
JarrGr99,Grady Jarrett,dt,CHI,0.0,0.0,0.0,
GallNe99,Neville Gallimore,dt,CHI,0.0,0.0,0.0,
vandJo99,Jordan van den Berg,dt,CHI,0.0,0.0,0.0,
StreKe99,Kentavius Street,dt,CHI,0.0,0.0,0.0,
LyncJa99,James Lynch,dt,CHI,0.0,0.0,0.0,
SweaMo99,Montez Sweat,de,CHI,0.0,0.0,0.0,
OdeyDa99,Dayo Odeyingbo,de,CHI,0.0,0.0,0.0,
BookAu99,Austin Booker,de,CHI,0.0,0.0,0.0,
BushDe97,Devin Bush,lb,CHI,0.0,0.0,0.0,
EdwaTJ99,T.J. Edwards,lb,CHI,0.0,0.0,0.0,
TurnDJ98,DJ Turner II,cb,CIN,0.0,0.0,0.0,
HillDa98,Dax Hill,cb,CIN,0.0,0.0,0.0,
DaviJa93,Jalen Davis,cb,CIN,0.0,0.0,0.0,
BattJo99,Jordan Battle,s,CIN,0.0,0.0,0.0,
CookBr99,Bryan Cook,s,CIN,0.0,0.0,0.0,
LawrDe96,Dexter Lawrence II,dt,CIN,0.0,0.0,0.0,
AlleJo99,Jonathan Allen,dt,CIN,0.0,0.0,0.0,
HillB.99,B.J. Hill,dt,CIN,0.0,0.0,0.0,
SlatTe99,T.J. Slaton Jr.,dt,CIN,0.0,0.0,0.0,
MurpMy99,Myles Murphy,de,CIN,0.0,0.0,0.0,
MafeBo99,Boye Mafe,de,CIN,0.0,0.0,0.0,
HoweCa99,Cashius Howell,de,CIN,0.0,0.0,0.0,
JohnCe99,Cedric Johnson,de,CIN,0.0,0.0,0.0,
CartBa99,Barrett Carter,lb,CIN,0.0,0.0,0.0,
KnigDe99,Demetrius Knight Jr.,lb,CIN,0.0,0.0,0.0,
CampTy99,Tyson Campbell,cb,CLE,0.0,0.0,0.0,
WardDe99,Denzel Ward,cb,CLE,0.0,0.0,0.0,
HardMy99,Myles Harden,cb,CLE,0.0,0.0,0.0,
DelpGr99,Grant Delpit,s,CLE,0.0,0.0,0.0,
HickRo99,Ronnie Hickman,s,CLE,0.0,0.0,0.0,
McNeEm99,Emmanuel McNeil-Warren,s,CLE,0.0,0.0,0.0,
HallMi99,Mike Hall Jr.,dt,CLE,0.0,0.0,0.0,
GrahMa99,Mason Graham,dt,CLE,0.0,0.0,0.0,
CollMa99,Maliek Collins,dt,CLE,0.0,0.0,0.0,
VersJa99,Jared Verse,de,CLE,0.0,0.0,0.0,
McGuIs99,Isaiah McGuire,de,CLE,0.0,0.0,0.0,
HuntAd99,Adin Huntington,de,CLE,0.0,0.0,0.0,
WillSa98,Sam Williams,de,CLE,0.0,0.0,0.0,
SchwCa99,Carson Schwesinger,lb,CLE,0.0,0.0,0.0,
WillQu97,Quincy Williams,lb,CLE,0.0,0.0,0.0,
MascEa99,Easton Mascarenas-Arnold,lb,CLE,0.0,0.0,0.0,
BlanDa99,DaRon Bland,cb,DAL,0.0,0.0,0.0,
DuraDe98,Cobie Durant,cb,DAL,0.0,0.0,0.0,
ReveSh99,Shavon Revel Jr.,cb,DAL,0.0,0.0,0.0,
DownCa99,Caleb Downs,s,DAL,0.0,0.0,0.0,
ThomJa98,Jalen Thompson,s,DAL,0.0,0.0,0.0,
LockP.99,P.J. Locke,s,DAL,0.0,0.0,0.0,
ClarKe99,Kenny Clark,dt,DAL,0.0,0.0,0.0,
WillQu98,Quinnen Williams,dt,DAL,0.0,0.0,0.0,
OgboOt99,Otito Ogbonnia,dt,DAL,0.0,0.0,0.0,
BullJo98,Jonathan Bullard,dt,DAL,0.0,0.0,0.0,
GaryRa99,Rashan Gary,de,DAL,0.0,0.0,0.0,
LawrMa98,Malachi Lawrence,de,DAL,0.0,0.0,0.0,
EzeiDo99,Donovan Ezeiruaku,de,DAL,0.0,0.0,0.0,
MillVo99,Von Miller,de,DAL,0.0,0.0,0.0,
WintDe98,Dee Winters,lb,DAL,0.0,0.0,0.0,
BarhJa99,Jaishawn Barham,lb,DAL,0.0,0.0,0.0,
SurtPa98,Patrick Surtain II,cb,DEN,0.0,0.0,0.0,
MossRi99,Riley Moss,cb,DEN,0.0,0.0,0.0,
McMiJa98,Ja'Quan McMillian,cb,DEN,0.0,0.0,0.0,
BarrJa99,Jahdae Barron,cb,DEN,0.0,0.0,0.0,
JoneBr97,Brandon Jones,s,DEN,0.0,0.0,0.0,
HufaTa99,Talanoa Hufanga,s,DEN,0.0,0.0,0.0,
AlleZa99,Zach Allen,dt,DEN,0.0,0.0,0.0,
JoneDJ99,D.J. Jones,dt,DEN,0.0,0.0,0.0,
RoacMa99,Malcolm Roach,dt,DEN,0.0,0.0,0.0,
UwazEy99,Eyioma Uwazurike,dt,DEN,0.0,0.0,0.0,
BoniNi99,Nik Bonitto,de,DEN,0.0,0.0,0.0,
ElliJo98,Jonah Elliss,de,DEN,0.0,0.0,0.0,
TillDo99,Dondrea Tillman,de,DEN,0.0,0.0,0.0,
SingAl98,Alex Singleton,lb,DEN,0.0,0.0,0.0,
StrnJu99,Justin Strnad,lb,DEN,0.0,0.0,0.0,
ReedD.99,D.J. Reed,cb,DET,0.0,0.0,0.0,
McCrRo99,Roger McCreary,cb,DET,0.0,0.0,0.0,
Ya-SRo99,Rock Ya-Sin,cb,DET,0.0,0.0,0.0,
AbneKe99,Keith Abney II,cb,DET,0.0,0.0,0.0,
ClarCh99,Chuck Clark,s,DET,0.0,0.0,0.0,
MaddAv99,Avonte Maddox,s,DET,0.0,0.0,0.0,
HarpTh99,Thomas Harper,s,DET,0.0,0.0,0.0,
McNeAl99,Alim McNeill,dt,DET,0.0,0.0,0.0,
WillTy98,Tyleik Williams,dt,DET,0.0,0.0,0.0,
GillSk99,Skyler Gill-Howard,dt,DET,0.0,0.0,0.0,
HutcAi99,Aidan Hutchinson,de,DET,0.0,0.0,0.0,
WonnDJ99,D.J. Wonnum,de,DET,0.0,0.0,0.0,
MoorDe99,Derrick Moore,de,DET,0.0,0.0,0.0,
CampJa99,Jack Campbell,lb,DET,0.0,0.0,0.0,
BarnDe97,Derrick Barnes,lb,DET,0.0,0.0,0.0,
RodrMa99,Malcolm Rodriguez,lb,DET,0.0,0.0,0.0,
NixoKe99,Keisean Nixon,cb,GB,0.0,0.0,0.0,
CissBr99,Brandon Cisse,cb,GB,0.0,0.0,0.0,
ValeCa99,Carrington Valentine,cb,GB,0.0,0.0,0.0,
St-JBe99,Benjamin St-Juste,cb,GB,0.0,0.0,0.0,
McKiXa99,Xavier McKinney,s,GB,0.0,0.0,0.0,
WillEv99,Evan Williams,s,GB,0.0,0.0,0.0,
BullJa99,Javon Bullard,s,GB,0.0,0.0,0.0,
WyatDe99,Devonte Wyatt,dt,GB,0.0,0.0,0.0,
HargJa99,Javon Hargrave,dt,GB,0.0,0.0,0.0,
BrooKa99,Karl Brooks,dt,GB,0.0,0.0,0.0,
McClCh99,Chris McClellan,dt,GB,0.0,0.0,0.0,
VanNLu99,Lukas Van Ness,de,GB,0.0,0.0,0.0,
SorrBa99,Barryn Sorrell,de,GB,0.0,0.0,0.0,
DennDa98,Dani Dennis-Sutton,de,GB,0.0,0.0,0.0,
CoopEd99,Edgerrin Cooper,lb,GB,0.0,0.0,0.0,
FranZa99,Zaire Franklin,lb,GB,0.0,0.0,0.0,
StinDe99,Derek Stingley Jr,cb,HOU,0.0,0.0,0.0,
LassKa99,Kamari Lassiter,cb,HOU,0.0,0.0,0.0,
PitrJa99,Jalen Pitre,s,HOU,0.0,0.0,0.0,
BullCa99,Calen Bullock,s,HOU,0.0,0.0,0.0,
BlanRe99,Reed Blankenship,s,HOU,0.0,0.0,0.0,
TogiTo99,Tommy Togiai,dt,HOU,0.0,0.0,0.0,
RankSh99,Sheldon Rankins,dt,HOU,0.0,0.0,0.0,
HallLo99,Logan Hall,dt,HOU,0.0,0.0,0.0,
EdwaMa98,Mario Edwards Jr,dt,HOU,0.0,0.0,0.0,
AndeWi98,Will Anderson Jr.,de,HOU,0.0,0.0,0.0,
HuntDa97,Danielle Hunter,de,HOU,0.0,0.0,0.0,
ClowJa99,Jadeveon Clowney,de,HOU,0.0,0.0,0.0,
AlShAz99,Azeez Al-Shaair,lb,HOU,0.0,0.0,0.0,
HansJa99,Jake Hansen,lb,HOU,0.0,0.0,0.0,
WoodWa99,Wade Woodaz,lb,HOU,0.0,0.0,0.0,
GardSa99,Sauce Gardner,cb,IND,0.0,0.0,0.0,
WardCa99,Charvarius Ward,cb,IND,0.0,0.0,0.0,
WallJu99,Justin Walley,cb,IND,0.0,0.0,0.0,
BynuCa99,Cam Bynum,s,IND,0.0,0.0,0.0,
HaulAJ99,A.J. Haulcy,s,IND,0.0,0.0,0.0,
BuckDe99,DeForest Buckner,dt,IND,0.0,0.0,0.0,
StewGr99,Grover Stewart,dt,IND,0.0,0.0,0.0,
AdebAd99,Adetomiwa Adebawore,dt,IND,0.0,0.0,0.0,
TillJe99,Jerry Tillery,dt,IND,0.0,0.0,0.0,
LatuLa98,Laiatu Latu,de,IND,0.0,0.0,0.0,
KeyxAr99,Arden Key,de,IND,0.0,0.0,0.0,
TuimJT99,Jaylahn Tuimoloau,de,IND,0.0,0.0,0.0,
DaviAk98,Akeem Davis-Gaither,lb,IND,0.0,0.0,0.0,
BoetBr99,Bryce Boettcher,lb,IND,0.0,0.0,0.0,
CarlJa99,Jaylon Carlies,lb,IND,0.0,0.0,0.0,
HuntTr00,Travis Hunter,wr,JAX,39.38,50.08,60.78,
BrowMo99,Montaric Brown,cb,JAX,0.0,0.0,0.0,
JoneJa89,Jarrian Jones,cb,JAX,0.0,0.0,0.0,
LewiJo98,Jourdan Lewis,cb,JAX,0.0,0.0,0.0,
JohnAn96,Antonio Johnson,s,JAX,0.0,0.0,0.0,
MurrEr99,Eric Murray,s,JAX,0.0,0.0,0.0,
HamiDa98,DaVon Hamilton,dt,JAX,0.0,0.0,0.0,
ArmsAr98,Arik Armstead,dt,JAX,0.0,0.0,0.0,
OrhoRu99,Ruke Orhorhoro,dt,JAX,0.0,0.0,0.0,
RegiAl99,Albert Regis,dt,JAX,0.0,0.0,0.0,
AlleJo98,Josh Hines-Allen,de,JAX,0.0,0.0,0.0,
WalkTr96,Travon Walker,de,JAX,0.0,0.0,0.0,
GardDe99,Dennis Gardeck,de,JAX,0.0,0.0,0.0,
StriDa99,Danny Striggow,de,JAX,0.0,0.0,0.0,
OluoFo99,Foyesade Oluokun,lb,JAX,0.0,0.0,0.0,
MillVe99,Ventrell Miller,lb,JAX,0.0,0.0,0.0,
CombBr99,Branson Combs,lb,JAX,0.0,0.0,0.0,
WillNo99,Nohl Williams,cb,KC,0.0,0.0,0.0,
SneeLJ99,L'Jarius Sneed,cb,KC,0.0,0.0,0.0,
FultKr99,Kristian Fulton,cb,KC,0.0,0.0,0.0,
HickJa99,Jaden Hicks,s,KC,0.0,0.0,0.0,
GilmAl99,Alohi Gilman,s,KC,0.0,0.0,0.0,
NwanXa99,Xavier Nwankpa,s,KC,0.0,0.0,0.0,
JoneCh95,Chris Jones,dt,KC,0.0,0.0,0.0,
WoodPe99,Peter Woods,dt,KC,0.0,0.0,0.0,
TongKh99,Khyiris Tonga,dt,KC,0.0,0.0,0.0,
KarlGe99,George Karlaftis,de,KC,0.0,0.0,0.0,
ThomRM99,R Mason Thomas,de,KC,0.0,0.0,0.0,
AnudFe99,Felix Anudike-Uzomah,de,KC,0.0,0.0,0.0,
GillAs99,Ashton Gillotte,de,KC,0.0,0.0,0.0,
BoltNi99,Nick Bolton,lb,KC,0.0,0.0,0.0,
TranDr99,Drue Tranquill,lb,KC,0.0,0.0,0.0,
StokEr99,Eric Stokes,cb,LV,0.0,0.0,0.0,
PortDa99,Darien Porter,cb,LV,0.0,0.0,0.0,
JohnTa97,Taron Johnson,cb,LV,0.0,0.0,0.0,
ChinJe99,Jeremy Chinn,s,LV,0.0,0.0,0.0,
StukTr99,Treydan Stukes,s,LV,0.0,0.0,0.0,
PolaIs99,Isaiah Pola-Mao,s,LV,0.0,0.0,0.0,
HemiTo99,Tonka Hemingway,dt,LV,0.0,0.0,0.0,
LaulJo99,Jonah Laulu,dt,LV,0.0,0.0,0.0,
ButlAd99,Adam Butler,dt,LV,0.0,0.0,0.0,
BookTh99,Thomas Booker IV,de,LV,0.0,0.0,0.0,
CrosMa99,Maxx Crosby,de,LV,0.0,0.0,0.0,
PayeKw99,Kwity Paye,de,LV,0.0,0.0,0.0,
KoonMa99,Malcolm Koonce,de,LV,0.0,0.0,0.0,
DeanNa99,Nakobe Dean,lb,LV,0.0,0.0,0.0,
WalkQu99,Quay Walker,lb,LV,0.0,0.0,0.0,
StilTa99,Tarheeb Still,cb,LAC,0.0,0.0,0.0,
HartCa99,Cam Hart,cb,LAC,0.0,0.0,0.0,
JackDo99,Donte Jackson,cb,LAC,0.0,0.0,0.0,
JameDe99,Derwin James Jr.,s,LAC,0.0,0.0,0.0,
MoldEl99,Elijah Molden,s,LAC,0.0,0.0,0.0,
SmitGe99,Genesis Smith,s,LAC,0.0,0.0,0.0,
JeffTo98,Tony Jefferson,s,LAC,0.0,0.0,0.0,
EboiJu99,Justin Eboigbe,dt,LAC,0.0,0.0,0.0,
CaldJa99,Jamaree Caldwell,dt,LAC,0.0,0.0,0.0,
TomlDa99,Dalvin Tomlinson,dt,LAC,0.0,0.0,0.0,
TartTe99,Teair Tart,dt,LAC,0.0,0.0,0.0,
TuipTu99,Tuli Tuipulotu,de,LAC,0.0,0.0,0.0,
MackKh99,Khalil Mack,de,LAC,0.0,0.0,0.0,
DuprBu99,Bud Dupree,de,LAC,0.0,0.0,0.0,
MesiAk99,Akheem Mesidor,de,LAC,0.0,0.0,0.0,
HenlDa99,Daiyan Henley,lb,LAC,0.0,0.0,0.0,
PhilDe99,Del'Shawn Phillips,lb,LAC,0.0,0.0,0.0,
DyexTr99,Troy Dye,lb,LAC,0.0,0.0,0.0,
McDuTr99,Trent McDuffie,cb,LAR,0.0,0.0,0.0,
WatsJa99,Jaylen Watson,cb,LAR,0.0,0.0,0.0,
WallJo99,Josh Wallace,cb,LAR,0.0,0.0,0.0,
LakeQu99,Quentin Lake,s,LAR,0.0,0.0,0.0,
KincKa99,Kamren Kinchens,s,LAR,0.0,0.0,0.0,
McCoJa98,Jaylen McCollough,s,LAR,0.0,0.0,0.0,
TurnKo99,Kobie Turner,dt,LAR,0.0,0.0,0.0,
DonaAa99,Aaron Donald,dt,LAR,0.0,0.0,0.0,
FiskBr99,Braden Fiske,dt,LAR,0.0,0.0,0.0,
FordPo99,Poona Ford,dt,LAR,0.0,0.0,0.0,
YounBy98,Byron Young,de,LAR,0.0,0.0,0.0,
StewJo99,Josaiah Stewart,de,LAR,0.0,0.0,0.0,
LandNa99,Nate Landman,lb,LAR,0.0,0.0,0.0,
DolaSh99,Shaun Dolac,lb,LAR,0.0,0.0,0.0,
JohnCh96,Chris Johnson,cb,MIA,0.0,0.0,0.0,
MarsJa98,Jason Marshall Jr.,cb,MIA,0.0,0.0,0.0,
BrenJu99,JuJu Brents,cb,MIA,0.0,0.0,0.0,
AndeZa96,Zayne Anderson,s,MIA,0.0,0.0,0.0,
TaafMi99,Michael Taaffe,s,MIA,0.0,0.0,0.0,
TradDa99,Dante Trader Jr.,s,MIA,0.0,0.0,0.0,
SielZa99,Zach Sieler,dt,MIA,0.0,0.0,0.0,
PhilJo98,Jordan Phillips,dt,MIA,0.0,0.0,0.0,
BiggZe99,Zeek Biggers,dt,MIA,0.0,0.0,0.0,
RobiCh99,Chop Robinson,de,MIA,0.0,0.0,0.0,
HerrMa99,Malik Herring,de,MIA,0.0,0.0,0.0,
UcheJo99,Josh Uche,de,MIA,0.0,0.0,0.0,
BealRo99,Robert Beal Jr.,de,MIA,0.0,0.0,0.0,
BrooJo99,Jordyn Brooks,lb,MIA,0.0,0.0,0.0,
RodrJa99,Jacob Rodriguez,lb,MIA,0.0,0.0,0.0,
GayxWi98,Willie Gay Jr,lb,MIA,0.0,0.0,0.0,
MurpBy99,Byron Murphy Jr.,cb,MIN,0.0,0.0,0.0,
RodgIs99,Isaiah Rodgers,cb,MIN,0.0,0.0,0.0,
PierJa98,James Pierre,cb,MIN,0.0,0.0,0.0,
MeteJo99,Joshua Metellus,s,MIN,0.0,0.0,0.0,
JackTh99,Theo Jackson,s,MIN,0.0,0.0,0.0,
SmitHa98,Harrison Smith,s,MIN,0.0,0.0,0.0,
RedmJa99,Jalen Redmond,dt,MIN,0.0,0.0,0.0,
IngrTy99,Tyrion Ingram-Dawkins,dt,MIN,0.0,0.0,0.0,
RodrLe99,Levi Drake Rodriguez,dt,MIN,0.0,0.0,0.0,
OranDo99,Domonique Orange,dt,MIN,0.0,0.0,0.0,
VanGAn99,Andrew Van Ginkel,de,MIN,0.0,0.0,0.0,
TurnDa99,Dallas Turner,de,MIN,0.0,0.0,0.0,
VanNKy99,Kyle Van Noy,de,MIN,0.0,0.0,0.0,
CashBl99,Blake Cashman,lb,MIN,0.0,0.0,0.0,
WilsEr99,Eric Wilson,lb,MIN,0.0,0.0,0.0,
PaceIv98,Ivan Pace Jr.,lb,MIN,0.0,0.0,0.0,
GonzCh99,Christian Gonzalez,cb,NE,0.0,0.0,0.0,
DaviCa98,Carlton Davis III,cb,NE,0.0,0.0,0.0,
JoneMa05,Marcus Jones,cb,NE,0.0,0.0,0.0,
ByarKe99,Kevin Byard III,s,NE,0.0,0.0,0.0,
WoodCr99,Craig Woodson,s,NE,0.0,0.0,0.0,
WillMi97,Milton Williams,dt,NE,0.0,0.0,0.0,
BarmCh99,Christian Barmore,dt,NE,0.0,0.0,0.0,
DurdCo99,Cory Durden,dt,NE,0.0,0.0,0.0,
FarmJo98,Joshua Farmer,dt,NE,0.0,0.0,0.0,
JoneDr99,Dre'Mont Jones,de,NE,0.0,0.0,0.0,
PondEl98,Elijah Ponder,lb,NE,0.0,0.0,0.0,
JacaGa99,Gabe Jacas,de,NE,0.0,0.0,0.0,
SpilRo99,Robert Spillane,lb,NE,0.0,0.0,0.0,
ElliCh98,Christian Elliss,lb,NE,0.0,0.0,0.0,
McKiKo99,Kool-Aid McKinstry,cb,NO,0.0,0.0,0.0,
RileQu99,Quincy Riley,cb,NO,0.0,0.0,0.0,
ReidJu99,Justin Reid,s,NO,0.0,0.0,0.0,
BlacJu99,Julian Blackmon,s,NO,0.0,0.0,0.0,
SankJo99,Jonas Sanker,s,NO,0.0,0.0,0.0,
GodcDa99,Davon Godchaux,dt,NO,0.0,0.0,0.0,
BrouVe99,Vernon Broughton,dt,NO,0.0,0.0,0.0,
MillCh97,Christen Miller,dt,NO,0.0,0.0,0.0,
ShepNa99,Nathan Shepherd,dt,NO,0.0,0.0,0.0,
YounCh97,Chase Young,de,NO,0.0,0.0,0.0,
GranCa99,Carl Granderson,de,NO,0.0,0.0,0.0,
WilsTy99,Tyree Wilson,de,NO,0.0,0.0,0.0,
ElliKa99,Kaden Elliss,lb,NO,0.0,0.0,0.0,
WernPe99,Pete Werner,lb,NO,0.0,0.0,0.0,
StutDa99,Danny Stutsman,lb,NO,0.0,0.0,0.0,
NewsGr99,Greg Newsome II,cb,NYG,0.0,0.0,0.0,
BankDe99,Deonte Banks,cb,NYG,0.0,0.0,0.0,
PhilAn96,Dru Phillips,cb,NYG,0.0,0.0,0.0,
AdebPa99,Paulson Adebo,cb,NYG,0.0,0.0,0.0,
NubiTy99,Tyler Nubin,s,NYG,0.0,0.0,0.0,
HollJe98,Jevón Holland,s,NYG,0.0,0.0,0.0,
ReadDJ99,DJ Reader,dt,NYG,0.0,0.0,0.0,
HarrSh99,Shelby Harris,dt,NYG,0.0,0.0,0.0,
AlexDa99,Darius Alexander,dt,NYG,0.0,0.0,0.0,
OkoyCJ99,C.J. Okoye,dt,NYG,0.0,0.0,0.0,
CartAb99,Abdul Carter,de,NYG,0.0,0.0,0.0,
BurnBr99,Brian Burns,de,NYG,0.0,0.0,0.0,
ThibKa99,Kayvon Thibodeaux,de,NYG,0.0,0.0,0.0,
GolsCh99,Chauncey Golston,de,NYG,0.0,0.0,0.0,
EdmuTr99,Tremaine Edmunds,lb,NYG,0.0,0.0,0.0,
ReesAr99,Arvell Reese,lb,NYG,0.0,0.0,0.0,
StepBr99,Brandon Stephens,cb,NYJ,0.0,0.0,0.0,
ThomAz99,Azareye'h Thomas,cb,NYJ,0.0,0.0,0.0,
BrowJa96,Jarvis Brownlee Jr.,cb,NYJ,0.0,0.0,0.0,
BeltDa99,Dane Belton,s,NYJ,0.0,0.0,0.0,
CiscAn99,Andre Cisco,s,NYJ,0.0,0.0,0.0,
OnyeDa99,David Onyemata,dt,NYJ,0.0,0.0,0.0,
PhilHa99,Harrison Phillips,dt,NYJ,0.0,0.0,0.0,
BrigJo99,Jowon Briggs,dt,NYJ,0.0,0.0,0.0,
SweaTV99,T'Vondre Sweat,dt,NYJ,0.0,0.0,0.0,
McDoWi98,Will McDonald IV,de,NYJ,0.0,0.0,0.0,
EnagKi99,Kingsley Enagbare,de,NYJ,0.0,0.0,0.0,
BailDa99,David Bailey,de,NYJ,0.0,0.0,0.0,
McGrBr99,Braiden McGregor,de,NYJ,0.0,0.0,0.0,
DaviDe97,Demario Davis,lb,NYJ,0.0,0.0,0.0,
SherJa99,Jamien Sherwood,lb,NYJ,0.0,0.0,0.0,
MauiFr99,Kiko Mauigoa,lb,NYJ,0.0,0.0,0.0,
MitcQu99,Quinyon Mitchell,cb,PHI,0.0,0.0,0.0,
WoolTa99,Riq Woolen,cb,PHI,0.0,0.0,0.0,
MukuAn99,Andrew Mukuba,s,PHI,0.0,0.0,0.0,
DeJeCo99,Cooper DeJean,cb,PHI,0.0,0.0,0.0,
EppsMa99,Marcus Epps,s,PHI,0.0,0.0,0.0,
DaviJo99,Jordan Davis,dt,PHI,0.0,0.0,0.0,
CartJa97,Jalen Carter,dt,PHI,0.0,0.0,0.0,
OjomMo99,Moro Ojomo,dt,PHI,0.0,0.0,0.0,
YounBy99,Byron Young,dt,PHI,0.0,0.0,0.0,
SmitNo99,Nolan Smith Jr.,de,PHI,0.0,0.0,0.0,
HuntJa98,Jalyx Hunt,de,PHI,0.0,0.0,0.0,
EbikAr99,Arnold Ebiketie,de,PHI,0.0,0.0,0.0,
EpenAJ99,A.J. Epenesa,de,PHI,0.0,0.0,0.0,
BaunZa99,Zack Baun,lb,PHI,0.0,0.0,0.0,
CampJi99,Jihaad Campbell,lb,PHI,0.0,0.0,0.0,
DeanJa99,Jamel Dean,cb,PIT,0.0,0.0,0.0,
SamuAs98,Asante Samuel Jr,cb,PIT,0.0,0.0,0.0,
RamsJa99,Jalen Ramsey,cb,PIT,0.0,0.0,0.0,
JenkRa99,Rayshawn Jenkins,s,PIT,0.0,0.0,0.0,
BrisJa99,Jaquan Brisker,s,PIT,0.0,0.0,0.0,
HeywCa99,Cameron Heyward,dt,PIT,0.0,0.0,0.0,
HarmDe99,Derrick Harmon,dt,PIT,0.0,0.0,0.0,
BlacYa99,Yahya Black,dt,PIT,0.0,0.0,0.0,
BentKe98,Keeanu Benton,dt,PIT,0.0,0.0,0.0,
JoseSe99,Sebastian Joseph-Day,dt,PIT,0.0,0.0,0.0,
WattTJ99,T.J. Watt,de,PIT,0.0,0.0,0.0,
HighAl98,Alex Highsmith,de,PIT,0.0,0.0,0.0,
HerbNi99,Nick Herbig,de,PIT,0.0,0.0,0.0,
QueePa99,Patrick Queen,lb,PIT,0.0,0.0,0.0,
WilsPa99,Payton Wilson,lb,PIT,0.0,0.0,0.0,
LenoDe99,Deommodore Lenoir,cb,SF,0.0,0.0,0.0,
StouUp99,Upton Stout,cb,SF,0.0,0.0,0.0,
GreeRe99,Renardo Green,cb,SF,0.0,0.0,0.0,
SiglMa99,Marques Sigle,s,SF,0.0,0.0,0.0,
BrowJi98,Ji'Ayir Brown,s,SF,0.0,0.0,0.0,
OdigOs99,Osa Odighizuwa,dt,SF,0.0,0.0,0.0,
HaltGr99,Gracen Halton,dt,SF,0.0,0.0,0.0,
WestCJ99,CJ West,dt,SF,0.0,0.0,0.0,
BosaNi99,Nick Bosa,de,SF,0.0,0.0,0.0,
WhitKe97,Keion White,de,SF,0.0,0.0,0.0,
HeigRo99,Romello Height,de,SF,0.0,0.0,0.0,
WarnFr99,Fred Warner,lb,SF,0.0,0.0,0.0,
GreeDr99,Dre Greenlaw,lb,SF,0.0,0.0,0.0,
DuggJa99,Jaden Dugger,lb,SF,0.0,0.0,0.0,
WithDe99,Devon Witherspoon,cb,SEA,0.0,0.0,0.0,
PritNe99,Nehemiah Pritchett,cb,SEA,0.0,0.0,0.0,
JobeJo99,Josh Jobe,cb,SEA,0.0,0.0,0.0,
LoveJu99,Julian Love,s,SEA,0.0,0.0,0.0,
ThomRo96,Rodney Thomas II,s,SEA,0.0,0.0,0.0,
WillLe97,Leonard Williams,dt,SEA,0.0,0.0,0.0,
MurpBy98,Byron Murphy II,dt,SEA,0.0,0.0,0.0,
ReedJa98,Jarran Reed,dt,SEA,0.0,0.0,0.0,
MillRy99,Rylie Mills,dt,SEA,0.0,0.0,0.0,
LawrDe99,DeMarcus Lawrence,de,SEA,0.0,0.0,0.0,
FowlDa99,Dante Fowler Jr,de,SEA,0.0,0.0,0.0,
NwosUc99,Uchenna Nwosu,de,SEA,0.0,0.0,0.0,
HallDe96,Derick Hall,de,SEA,0.0,0.0,0.0,
JoneEr99,Ernest Jones IV,lb,SEA,0.0,0.0,0.0,
ThomDr99,Drake Thomas,lb,SEA,0.0,0.0,0.0,
McCoZy99,Zyon McCollum,cb,TB,0.0,0.0,0.0,
ScotKe97,Keionte Scott,cb,TB,0.0,0.0,0.0,
MorrBe99,Benjamin Morrison,cb,TB,0.0,0.0,0.0,
SmitTy96,Tykee Smith,s,TB,0.0,0.0,0.0,
WinfAn98,Antoine Winfield Jr,s,TB,0.0,0.0,0.0,
KancCa99,Calijah Kancey,dt,TB,0.0,0.0,0.0,
VeaxVi99,Vita Vea,dt,TB,0.0,0.0,0.0,
RobiAS99,A'Shawn Robinson,dt,TB,0.0,0.0,0.0,
NuneRa99,Rakeem Nuñez-Roches,dt,TB,0.0,0.0,0.0,
BainRu99,Rueben Bain Jr.,de,TB,0.0,0.0,0.0,
DiabYa99,Yaya Diaby,de,TB,0.0,0.0,0.0,
MuhaAl99,Al-Quadin Muhammad,de,TB,0.0,0.0,0.0,
NelsAn99,Anthony Nelson,de,TB,0.0,0.0,0.0,
AnzaAl99,Alex Anzalone,lb,TB,0.0,0.0,0.0,
trotJo99,Josiah Trotter,lb,TB,0.0,0.0,0.0,
TaylAl99,Alontae Taylor,cb,TEN,0.0,0.0,0.0,
FlotCo99,Cor'Dale Flott,cb,TEN,0.0,0.0,0.0,
HarrMa94,Marcus Harris,cb,TEN,0.0,0.0,0.0,
WinsKe99,Kevin Winston Jr.,s,TEN,0.0,0.0,0.0,
HookAm99,Amani Hooker,s,TEN,0.0,0.0,0.0,
SimmJe99,Jeffery Simmons,dt,TEN,0.0,0.0,0.0,
FranJo99,John Franklin-Myers,dt,TEN,0.0,0.0,0.0,
ElliJo99,Jordan Elliott,dt,TEN,0.0,0.0,0.0,
StacNa99,Nazir Stackhouse,dt,TEN,0.0,0.0,0.0,
JohnJe98,Jermaine Johnson II,de,TEN,0.0,0.0,0.0,
MartJa98,Jacob Martin,de,TEN,0.0,0.0,0.0,
FaulKe99,Keldric Faulk,de,TEN,0.0,0.0,0.0,
OladOl99,Oluwafemi Oladejo,de,TEN,0.0,0.0,0.0,
HillAn99,Anthony Hill Jr.,lb,TEN,0.0,0.0,0.0,
BartCo99,Cody Barton,lb,TEN,0.0,0.0,0.0,
WillJa90,James Williams Sr.,lb,TEN,0.0,0.0,0.0,
SainMi99,Mike Sainristil,cb,WAS,0.0,0.0,0.0,
RobeAm99,Amik Robertson,cb,WAS,0.0,0.0,0.0,
DougRa99,Rasul Douglas,cb,WAS,0.0,0.0,0.0,
CrosNi99,Nick Cross,s,WAS,0.0,0.0,0.0,
ReavJe99,Jeremy Reaves,s,WAS,0.0,0.0,0.0,
MartJa97,Quan Martin,s,WAS,0.0,0.0,0.0,
PaynDa99,Daron Payne,dt,WAS,0.0,0.0,0.0,
KinlJa99,Javon Kinlaw,dt,WAS,0.0,0.0,0.0,
SettTi99,Tim Settle,dt,WAS,0.0,0.0,0.0,
ArmsDo99,Dorance Armstrong,de,WAS,0.0,0.0,0.0,
OwehJa99,Odafe Oweh,de,WAS,0.0,0.0,0.0,
ChaiKL99,K'Lavon Chaisson,de,WAS,0.0,0.0,0.0,
OmenCh99,Charles Omenihu,de,WAS,0.0,0.0,0.0,
StylSo99,Sonny Styles,lb,WAS,0.0,0.0,0.0,
ChenLe99,Leo Chenal,lb,WAS,0.0,0.0,0.0,
LuvuFr99,Frankie Luvu,lb,WAS,0.0,0.0,0.0,
TricBr99,Bralen Trice,de,ATL,0.0,0.0,0.0,
AbduYa99,Yasir Abdullah,lb,ATL,0.0,0.0,0.0,
IveyJa99,Jared Ivey,lb,ATL,0.0,0.0,0.0,
HendCJ99,C.J. Henderson,cb,ATL,0.0,0.0,0.0,
GainGr99,Greg Gaines,dt,BUF,0.0,0.0,0.0,
JackLa96,Landon Jackson,de,BUF,0.0,0.0,0.0,
IgbiDa99,Davison Igbinosun,cb,BUF,0.0,0.0,0.0,
EdwaTe99,TeRah Edwards,de,CAR,0.0,0.0,0.0,
CherCl99,Claudin Cherelus,lb,CAR,0.0,0.0,0.0,
IncoTh99,Thomas Incoom,lb,CAR,0.0,0.0,0.0,
MoonJe99,Jeremiah Moon,lb,CAR,0.0,0.0,0.0,
HardDa99,Daniel Hardy,de,CHI,0.0,0.0,0.0,
JackDM99,D'Marco Jackson,lb,CHI,0.0,0.0,0.0,
ThomSk98,Skyler Thomas,cb,CHI,0.0,0.0,0.0,
HickEl99,Elijah Hicks,s,CHI,0.0,0.0,0.0,
JenkKr98,Kris Jenkins Jr.,dt,CIN,0.0,0.0,0.0,
BurkOr99,Oren Burks,lb,CIN,0.0,0.0,0.0,
DaviTa98,Tacario Davis,cb,CIN,0.0,0.0,0.0,
IveyDJ99,DJ Ivey,cb,CIN,0.0,0.0,0.0,
BarnDe98,Derek Barnett,de,CLE,0.0,0.0,0.0,
ReidWi99,Winston Reid,lb,CLE,0.0,0.0,0.0,
SmitTi98,Tim Smith,dt,IND,0.0,0.0,0.0,
ClemMi99,Micheal Clemons,de,IND,0.0,0.0,0.0,
CurrCa99,Caden Curry,de,IND,0.0,0.0,0.0,
HarrKe98,Kenneth Harris,cb,IND,0.0,0.0,0.0,
OwenJo99,Jonathan Owens,s,IND,0.0,0.0,0.0,
CollL.99,L.J. Collier,dt,ARI,0.0,0.0,0.0,
LeotEk00,Eku Leota,lb,ARI,0.0,0.0,0.0,
ClarKe98,Kei'Trel Clark,cb,ARI,0.0,0.0,0.0,
KingKa99,Kalen King,cb,ARI,0.0,0.0,0.0,
CrawKi99,Kitan Crawford,s,ARI,0.0,0.0,0.0,
HousJa99,James Houston IV,de,DAL,0.0,0.0,0.0,
OverLT99,LT Overton,de,DAL,0.0,0.0,0.0,
JameSh99,Shemar James,lb,DAL,0.0,0.0,0.0,
OverDe99,DeMarvion Overshown,lb,DAL,0.0,0.0,0.0,
BellMa96,Markquese Bell,s,DAL,0.0,0.0,0.0,
ClarAl99,Alijah Clark,s,DAL,0.0,0.0,0.0,
JoneSa99,Sai'vion Jones,dt,DEN,0.0,0.0,0.0,
RobiQu99,Que Robinson,lb,DEN,0.0,0.0,0.0,
TurnJo99,Jordan Turner,lb,DEN,0.0,0.0,0.0,
LacyTy99,Tyler Lacy,dt,DET,0.0,0.0,0.0,
ONeiEr99,Eric O'Neill,de,DET,0.0,0.0,0.0,
StilBe98,Ben Stille,de,DET,0.0,0.0,0.0,
NowaTr99,Trevor Nowaske,lb,DET,0.0,0.0,0.0,
WhitDe98,Devin White,lb,DET,0.0,0.0,0.0,
CoxxBr96,Brenton Cox Jr.,de,GB,0.0,0.0,0.0,
FordJo98,Jonathan Ford,de,GB,0.0,0.0,0.0,
McDuIs99,Isaiah McDuffie,lb,GB,0.0,0.0,0.0,
RobiDo99,Dominique Robinson,de,HOU,0.0,0.0,0.0,
TootHe98,Henry To'oTo'o,lb,HOU,0.0,0.0,0.0,
RamsKa98,Kamari Ramsey,s,HOU,0.0,0.0,0.0,
DickMa99,Matt Dickerson,de,JAX,0.0,0.0,0.0,
TavaJa99,Jahlani Tavai,lb,JAX,0.0,0.0,0.0,
BrasCh99,Christian Braswell,cb,JAX,0.0,0.0,0.0,
LaneRa99,Rayuan Lane III,s,JAX,0.0,0.0,0.0,
RansCa99,Caleb Ransaw,s,JAX,0.0,0.0,0.0,
BassJe99,Jeffrey Bassa,lb,KC,0.0,0.0,0.0,
CochJa99,Jack Cochrane,lb,KC,0.0,0.0,0.0,
RolaCh99,Chris Roland-Wallace,cb,KC,0.0,0.0,0.0,
ConnCh99,Chamarri Conner,s,KC,0.0,0.0,0.0,
CoopKe99,Keith Cooper Jr.,de,MIA,0.0,0.0,0.0,
FerrCl99,Clelin Ferrell,de,MIA,0.0,0.0,0.0,
WoodJa97,Jackson Woodard,lb,MIA,0.0,0.0,0.0,
BankCa99,Caleb Banks,dt,MIN,0.0,0.0,0.0,
ThomJa95,Jacob Thomas,s,MIN,0.0,0.0,0.0,
WoodCo99,Colby Wooden,dt,NO,0.0,0.0,0.0,
JennAn98,Anfernee Jennings,de,NO,0.0,0.0,0.0,
EmerMa99,Martin Emerson Jr,cb,NO,0.0,0.0,0.0,
TaylLe98,Leonard Taylor III,dt,NE,0.0,0.0,0.0,
WoodCh98,Charles Woods,cb,NE,0.0,0.0,0.0,
PetuDe99,Dell Pettus,s,NE,0.0,0.0,0.0,
HoodCo99,Colton Hood,cb,NYG,0.0,0.0,0.0,
WashAr99,Ar'Darius Washington,s,NYG,0.0,0.0,0.0,
JackDa97,Darrell Jackson Jr.,dt,NYJ,0.0,0.0,0.0,
McCrMa98,Marcelino McCrary-Ball,lb,NYJ,0.0,0.0,0.0,
FitzMi99,Minkah Fitzpatrick,s,NYJ,0.0,0.0,0.0,
MoorMa99,Malachi Moore,s,NYJ,0.0,0.0,0.0,
ThomSo99,Solomon Thomas,dt,TEN,0.0,0.0,0.0,
JoneTr98,Truman Jones,de,TEN,0.0,0.0,0.0,
AdamTo99,Tony Adams,s,TEN,0.0,0.0,0.0,
CartMi99,Michael Carter II,cb,PHI,0.0,0.0,0.0,
SawyJa99,Jack Sawyer,de,PIT,0.0,0.0,0.0,
HolcCo99,Cole Holcomb,lb,PIT,0.0,0.0,0.0,
EverDa99,Daylen Everette,cb,PIT,0.0,0.0,0.0,
PortJo96,Joey Porter Jr.,cb,PIT,0.0,0.0,0.0,
FatuFo99,Folorunso Fatukasi,dt,LV,0.0,0.0,0.0,
JohnPa99,Patrick Johnson,de,LV,0.0,0.0,0.0,
EichTo99,Tommy Eichenberg,lb,LV,0.0,0.0,0.0,
MassHe99,Hezekiah Masses,cb,LV,0.0,0.0,0.0,
DaviTy97,Tyler Davis,dt,LAR,0.0,0.0,0.0,
HamiTy99,Ty Hamilton,dt,LAR,0.0,0.0,0.0,
JohnDe92,Desjuan Johnson,dt,LAR,0.0,0.0,0.0,
SpeiOm99,Omar Speights,lb,LAR,0.0,0.0,0.0,
CurlKa99,Kam Curl,s,LAR,0.0,0.0,0.0,
PeebAe99,Aeneas Peebles,dt,BAL,0.0,0.0,0.0,
MaduJu99,Nnamdi Madubuike,dt,BAL,0.0,0.0,0.0,
AwuzCh99,Chidobe Awuzie,cb,BAL,0.0,0.0,0.0,
BarrNi99,Nick Barrett,dt,LAC,0.0,0.0,0.0,
ShelRo99,Rodney Shelley,cb,LAC,0.0,0.0,0.0,
PiliBr99,Brandon Pili,de,SEA,0.0,0.0,0.0,
KnigTy99,Tyrice Knight,lb,SEA,0.0,0.0,0.0,
OConPa98,Patrick O'Connell,lb,SEA,0.0,0.0,0.0,
ThomJa96,James Thompson Jr.,dt,SF,0.0,0.0,0.0,
KareKh99,Khalid Kareem,de,SF,0.0,0.0,0.0,
OkorOg99,Ogbo Okoronkwo,de,SF,0.0,0.0,0.0,
wallga99,Garret Wallow,lb,SF,0.0,0.0,0.0,
JoneJa95,Jack Jones,cb,SF,0.0,0.0,0.0,
MustMa99,Malik Mustapha,s,SF,0.0,0.0,0.0,
RobeEl98,Elijah Roberts,dt,TB,0.0,0.0,0.0,
DennSi99,SirVocea Dennis,lb,TB,0.0,0.0,0.0,
ParrJa99,Jacob Parrish,cb,TB,0.0,0.0,0.0,
KillMi99,Miles Killebrew,s,TB,0.0,0.0,0.0,
TuttSh99,Shy Tuttle,dt,WAS,0.0,0.0,0.0,
JeanJa99,Javontae Jean-Baptiste,de,WAS,0.0,0.0,0.0,
JoseJo97,Joshua Josephs,de,WAS,0.0,0.0,0.0,
MageJo99,Jordan Magee,lb,WAS,0.0,0.0,0.0,
FolkNi44,Nick Folk,pk,ATL,0.0,0.0,0.0,
BassTy44,Tyler Bass,pk,BUF,0.0,0.0,0.0,
FitzRy01,Ryan Fitzgerald,pk,CAR,0.0,0.0,0.0,
SantCa44,Cairo Santos,pk,CHI,0.0,0.0,0.0,
McPhEv44,Evan McPherson,pk,CIN,0.0,0.0,0.0,
SzmyAn44,Andre Szmyt,pk,CLE,0.0,0.0,0.0,
ShraSp00,Spencer Shrader,pk,IND,0.0,0.0,0.0,
RylaCh00,Chad Ryland,pk,ARI,0.0,0.0,0.0,
AubrBr00,Brandon Aubrey,pk,DAL,0.0,0.0,0.0,
LutzWi44,Wil Lutz,pk,DEN,0.0,0.0,0.0,
BateJa00,Jake Bates,pk,DET,0.0,0.0,0.0,
SmacTr00,Trey Smack,pk,GB,0.0,0.0,0.0,
FairKa99,Ka'imi Fairbairn,pk,HOU,0.0,0.0,0.0,
LittCa00,Cam Little,pk,JAX,0.0,0.0,0.0,
ButkHa99,Harrison Butker,pk,KC,0.0,0.0,0.0,
PattRi44,Riley Patterson,pk,MIA,0.0,0.0,0.0,
ReicWi00,Will Reichard,pk,MIN,0.0,0.0,0.0,
CarlDa44,Daniel Carlson,pk,NO,0.0,0.0,0.0,
BorrAn00,Andy Borregales,pk,NE,0.0,0.0,0.0,
ZvadDo00,Dominic Zvada,pk,NYG,0.0,0.0,0.0,
SandJa44,Jason Sanders,pk,NYJ,0.0,0.0,0.0,
SlyeJo44,Joey Slye,pk,TEN,0.0,0.0,0.0,
ElliJa98,Jake Elliott,pk,PHI,0.0,0.0,0.0,
BoswCh44,Chris Boswell,pk,PIT,0.0,0.0,0.0,
GayxMa44,Matt Gay,pk,LV,0.0,0.0,0.0,
MeviHa00,Harrison Mevis,pk,LAR,0.0,0.0,0.0,
LoopTy00,Tyler Loop,pk,BAL,0.0,0.0,0.0,
DickCa44,Cameron Dicker,pk,LAC,0.0,0.0,0.0,
MyerJa44,Jason Myers,pk,SEA,0.0,0.0,0.0,
PineEd44,Eddy Piñeiro,pk,SF,0.0,0.0,0.0,
McLaCh44,Chase McLaughlin,pk,TB,0.0,0.0,0.0,
StevDr01,Drew Stevens,pk,WAS,0.0,0.0,0.0,
AlleJo01,Josh Allen,qb,BUF,325.19,325.19,325.19,
JackLa00,Lamar Jackson,qb,BAL,282.386,282.386,282.386,
StafMa00,Matthew Stafford,qb,LAR,251.89000000000004,251.89000000000004,251.89000000000004,
WillCa01,Caleb Williams,qb,CHI,264.02000000000004,264.02000000000004,264.02000000000004,
MayeDr00,Drake Maye,qb,NE,283.16400000000004,283.16400000000004,283.16400000000004,
DaniJa00,Jayden Daniels,qb,WAS,263.328,263.328,263.328,
MahoPa00,Patrick Mahomes II,qb,KC,244.44600000000003,244.44600000000003,244.44600000000003,
PurdBr00,Brock Purdy,qb,SF,259.164,259.164,259.164,
PresDa01,Dak Prescott,qb,DAL,264.218,264.218,264.218,
HurtJa00,Jalen Hurts,qb,PHI,281.26,281.26,281.26,
BurrJo01,Joe Burrow,qb,CIN,275.794,275.794,275.794,
MayfBa00,Baker Mayfield,qb,TB,245.25400000000002,245.25400000000002,245.25400000000002,
NixxBo00,Bo Nix,qb,DEN,269.618,269.618,269.618,
GoffJa00,Jared Goff,qb,DET,235.62000000000003,235.62000000000003,235.62000000000003,
HerbJu00,Justin Herbert,qb,LAC,266.37200000000007,266.37200000000007,266.37200000000007,
LoveJo01,Jordan Love,qb,GB,268.232,268.232,268.232,
WentCa00,Carson Wentz,qb,MIN,13.986800000000002,13.986800000000002,13.986800000000002,
StroCJ00,C.J. Stroud,qb,HOU,236.34599999999998,236.34599999999998,236.34599999999998,
DartJa00,Jaxson Dart,qb,NYG,251.76600000000002,251.76600000000002,251.76600000000002,
RodgAa00,Aaron Rodgers,qb,PIT,189.34599999999998,189.34599999999998,189.34599999999998,
BrisJa00,Jacoby Brissett,qb,ARI,160.324,160.324,160.324,
YounBr01,Bryce Young,qb,CAR,220.62,220.62,220.62,
WillMa05,Malik Willis,qb,MIA,212.40800000000002,212.40800000000002,212.40800000000002,
JoneDa05,Daniel Jones,qb,IND,236.21999999999997,236.21999999999997,236.21999999999997,
ShouTy00,Tyler Shough,qb,NO,231.05800000000002,231.05800000000002,231.05800000000002,
LockDr00,Drew Lock,qb,SEA,33.032,33.032,33.032,
LawrTr00,Trevor Lawrence,qb,JAX,272.912,272.912,272.912,
SmitGe01,Geno Smith,qb,NYJ,174.14,174.14,174.14,
WardCa00,Cam Ward,qb,TEN,210.13600000000002,210.13600000000002,210.13600000000002,
WatsDe00,Deshaun Watson,qb,CLE,160.77600000000004,160.77600000000004,160.77600000000004,
CousKi00,Kirk Cousins,qb,LV,78.85,78.85,78.85,
TagoTu00,Tua Tagovailoa,qb,ATL,76.46799999999999,76.46799999999999,76.46799999999999,
RushCo00,Cooper Rush,qb,ATL,11.276000000000002,11.276000000000002,11.276000000000002,
PeniMi00,Michael Penix Jr.,qb,ATL,146.774,146.774,146.774,
McCaCh00,Christian McCaffrey,rb,SF,195.07000000000002,223.67000000000002,252.27000000000004,
GibbJa00,Jahmyr Gibbs,rb,DET,231.81,257.66,283.51,
RobiBi01,Bijan Robinson,rb,ATL,212.07000000000002,241.37000000000003,270.67,
HenrDe00,Derrick Henry,rb,BAL,193.93000000000004,203.18000000000004,212.43000000000004,
CookJa05,James Cook III,rb,BUF,204.64000000000001,222.49,240.34000000000003,
TaylJo02,Jonathan Taylor,rb,IND,197.62999999999997,213.97999999999996,230.32999999999998,
MontDa01,David Montgomery,rb,HOU,139.10000000000002,157.25000000000003,175.40000000000003,
WalkKe01,Ken Walker III,rb,KC,192.29,216.39,240.49,
BarkSa00,Saquon Barkley,rb,PHI,179.6,197.2,214.8,
StevRh00,Rhamondre Stevenson,rb,NE,142.18,164.28,186.38,
HallBr01,Breece Hall,rb,NYJ,151.4,173.65,195.9,
WillJa08,Javonte Williams,rb,DAL,158.38000000000002,176.78000000000003,195.18,
IrviBu00,Bucky Irving,rb,TB,140.95000000000002,160.00000000000003,179.05,
JudkQu00,Quinshon Judkins,rb,CLE,155.22000000000003,173.37000000000003,191.52000000000004,
AchaDe00,De'Von Achane,rb,MIA,187.63000000000002,213.28000000000003,238.93,
JeanAs00,Ashton Jeanty,rb,LV,165.32,188.37,211.42,
HampOm00,Omarion Hampton,rb,LAC,169.04999999999998,191.79999999999998,214.54999999999998,
BrowCh06,Chase Brown,rb,CIN,165.45,192.89999999999998,220.35,
PricJa00,Jadarian Price,rb,SEA,136.16000000000003,145.86,155.56000000000003,
SkatCa00,Cam Skattebo,rb,NYG,132.41000000000003,145.86,159.31000000000003,
HubbCh00,Chuba Hubbard,rb,CAR,113.43,129.58,145.73000000000002,
CrosJa00,Jacory Croskey-Merritt,rb,WAS,126.60000000000001,135.45000000000002,144.3,
SwifDA00,D'Andre Swift,rb,CHI,148.85,165.9,182.95,
MasoJo00,Jordan Mason,rb,MIN,117.55,129.55,141.55,
WillKy02,Kyren Williams,rb,LAR,161.43000000000004,179.88000000000002,198.33000000000004,
LloyMa00,MarShawn Lloyd,rb,GB,117.87,130.72,143.57,
EtieTr00,Travis Etienne Jr.,rb,NO,141.81000000000003,160.21000000000004,178.61,
TuteBh00,Bhayshul Tuten,rb,JAX,129.01000000000002,143.61,158.21,
PollTo01,Tony Pollard,rb,TEN,113.77999999999999,126.02999999999999,138.27999999999997,
DobbJ.00,J.K. Dobbins,rb,DEN,114.62,124.67,134.72,
DowdDa00,Rico Dowdle,rb,PIT,132.66000000000003,150.71000000000004,168.76000000000002,
JoneAa00,Aaron Jones Sr.,rb,MIN,89.72,103.27,116.82,
WarrJa00,Jaylen Warren,rb,PIT,128.54,149.69,170.83999999999997,
MonaKy00,Kyle Monangai,rb,CHI,100.39999999999999,110.55,120.69999999999999,
HarvRj00,RJ Harvey,rb,DEN,101.16,122.36,143.56,
WhitRa00,Rachaad White,rb,WAS,84.57000000000001,100.02000000000001,115.47,
MarkWo00,Woody Marks,rb,HOU,91.63000000000002,109.03000000000003,126.43000000000002,
BlacKa00,Kaelon Black,rb,SF,80.33000000000001,87.98000000000002,95.63000000000001,
AllgTy00,Tyler Allgeier,rb,ARI,85.24,97.03999999999999,108.84,
GainKe00,Kenny Gainwell,rb,TB,84.63000000000001,100.23,115.83000000000001,
LoveJe01,Jeremiyah Love,rb,ARI,135.88,154.78,173.68,
SpeaTy00,Tyjae Spears,rb,TEN,94.46000000000001,114.91000000000001,135.36,
MillKe00,Kendre Miller,rb,NO,35.260000000000005,36.510000000000005,37.760000000000005,
HolaGe01,George Holani,rb,SEA,71.77,80.61999999999999,89.47,
BrooJo00,Jonathon Brooks,rb,CAR,87.87,102.07000000000001,116.27000000000001,
AlleBr01,Braelon Allen,rb,NYJ,68.31,76.66,85.01,
CoruBl00,Blake Corum,rb,LAR,118.33000000000001,125.83000000000001,133.33,
RobiBr01,Brian Robinson Jr,rb,ATL,81.91,90.16,98.41,
RodrCh01,Chris Rodriguez Jr.,rb,JAX,90.41000000000001,96.21000000000001,102.01,
HillJu00,Justice Hill,rb,BAL,63.42,73.92,84.42,
DillA.00,AJ Dillon,rb,CAR,12.39,14.940000000000001,17.490000000000002,
JohnEm00,Emmett Johnson,rb,KC,69.73,79.03,88.33000000000001,
MitcKe01,Keaton Mitchell,rb,LAC,75.81,88.01,100.21000000000001,
JohnKa01,Kaleb Johnson,rb,GB,22.6,25.55,28.5,
BrooCh01,Chris Brooks,rb,GB,57.94,67.78999999999999,77.64,
PeriSa00,Samaje Perine,rb,CIN,68.85,81.89999999999999,94.94999999999999,
SingDe00,Devin Singletary,rb,NYG,65.55,76.89999999999999,88.25,
WashMi00,Mike Washington Jr.,rb,LV,73.38000000000001,81.68,89.98000000000002,
DemeEm00,Emari Demercado,rb,DAL,50.56999999999999,58.21999999999999,65.86999999999999,
AlleKa01,Kaytron Allen,rb,WAS,46.68,51.63,56.58,
BigsTa00,Tank Bigsby,rb,PHI,60.910000000000004,66.96000000000001,73.01,
DaviRa02,Ray Davis,rb,BUF,55.760000000000005,62.71000000000001,69.66000000000001,
TracTy00,Tyrone Tracy Jr.,rb,NYG,25.150000000000002,27.900000000000002,30.650000000000002,
SandRa00,Raheim Sanders,rb,CLE,29.67,34.82,39.97,
WilsEm00,Emanuel Wilson,rb,SEA,12.42,12.77,13.12,
LuepHu01,Hunter Luepke,rb,DAL,21.309999999999995,26.159999999999997,31.009999999999994,
KineCo00,Corey Kiner,rb,NE,20.359999999999996,23.759999999999994,27.159999999999997,
HendTr00,TreVeyon Henderson,rb,NE,109.33,122.08,134.82999999999998,
VidaKi00,Kimani Vidal,rb,LAC,37.78,43.730000000000004,49.68,
ColeJo00,Jonah Coleman,rb,DEN,36.39,42.89,49.39,
JohnTy00,Ty Johnson,rb,BUF,30.49,36.19,41.89,
VakiSi99,Sione Vaki,rb,DET,41.669999999999995,46.769999999999996,51.86999999999999,
ShipWi00,Will Shipley,rb,PHI,33.08,37.83,42.58,
AbduAm00,Ameer Abdullah,rb,JAX,6.79,6.79,6.79,
SmitBr00,Brashard Smith,rb,KC,29.189999999999998,35.739999999999995,42.29,
WrigJa04,Jaylen Wright,rb,MIA,46.74,55.14,63.540000000000006,
AlleLe01,LeQuint Allen Jr.,rb,JAX,42.949999999999996,53.89999999999999,64.85,
LariLa00,Lan Larison,rb,NE,0.30000000000000004,0.4,0.5,
AlixRa00,Rasheen Ali,rb,BAL,9.53,9.53,9.53,
BrooTa00,Tahj Brooks,rb,CIN,23.230000000000004,24.230000000000004,25.230000000000004,
McGoSe00,Seth McGowan,rb,IND,51.47999999999999,58.97999999999999,66.47999999999999,
GordOl00,Ollie Gordon II,rb,MIA,39.230000000000004,46.78,54.330000000000005,
SaylJa00,Jacob Saylors,rb,DET,18.380000000000003,20.630000000000003,22.880000000000003,
KnigZo00,Bam Knight,rb,ARI,14.67,17.62,20.57,
DaviIs00,Isaiah Davis,rb,NYJ,26.46,31.11,35.760000000000005,
DonaCJ00,CJ Donaldson,rb,NO,0.17900000000000002,0.24400000000000002,0.30900000000000005,
KamaAl00,Alvin Kamara,rb,NO,67.46000000000001,81.56,95.66000000000001,
JordJa00,Jawhar Jordan,rb,HOU,0.134,0.169,0.20400000000000001,
HeywCo00,Connor Heyward,rb,LV,0.0,0.0,0.0,
RussBr00,Brady Russell,rb,SEA,0.17300000000000001,0.258,0.343,
JuszKy00,Kyle Juszczyk,rb,SF,30.05,37.55,45.05,
RicaPa00,Patrick Ricard,rb,NYG,5.420000000000001,8.22,11.02,
NichLe01,Lew Nichols,rb,PIT,0.1,0.1,0.1,
McLaJa00,Jaleel McLaughlin,rb,CLE,0.067,0.117,0.167,
DallDe00,DeeJay Dallas,rb,MIN,0.067,0.117,0.167,
LaubDy00,Dylan Laube,rb,LV,22.12,26.82,31.520000000000003,
HuntJa02,Jarquez Hunter,rb,MIA,0.0,0.0,0.0,
StroPi00,Pierre Strong Jr,rb,GB,0.033,0.048,0.063,
NixoJa00,Jaden Nixon,rb,FA,0.033,0.048,0.063,
MartDa02,Damien Martinez,rb,FA,0.033,0.048,0.063,
IngoAl00,Alec Ingold,rb,LAC,14.35,17.95,21.55,
McBrTr01,Trey McBride,te,ARI,96.03,138.18,180.32999999999998,
AndrMa00,Mark Andrews,te,BAL,92.78999999999999,116.83999999999999,140.89,
LikeIs00,Isaiah Likely,te,NYG,92.12,118.72,145.32,
WarrTy00,Tyler Warren,te,IND,87.16,118.71,150.26,
LapoSa00,Sam LaPorta,te,DET,99.62,129.52,159.42000000000002,
LoveCo00,Colston Loveland,te,CHI,102.6,134.6,166.6,
KelcTr00,Travis Kelce,te,KC,80.08,107.83,135.57999999999998,
KrafTu00,Tucker Kraft,te,GB,111.35,139.5,167.64999999999998,
JohnJu00,Juwan Johnson,te,NO,75.23,101.93,128.63,
PittKy00,Kyle Pitts Sr.,te,ATL,90.30000000000001,120.75000000000001,151.20000000000002,
KincDa00,Dalton Kincaid,te,BUF,80.02,106.62,133.22,
FantNo00,Noah Fant,te,NO,24.550000000000004,34.10000000000001,43.650000000000006,
GoedDa00,Dallas Goedert,te,PHI,82.72,110.02,137.32,
SchuDa00,Dalton Schultz,te,HOU,59.74,83.49000000000001,107.24000000000001,
FannHa00,Harold Fannin Jr.,te,CLE,75.19,103.24,131.29,
HockTJ00,T.J. Hockenson,te,MIN,63.37000000000001,87.42000000000002,111.47000000000001,
FergJa01,Jake Ferguson,te,DAL,71.66000000000001,99.11000000000001,126.56,
KittGe00,George Kittle,te,SF,106.94000000000001,134.99,163.04000000000002,
MayeMi00,Michael Mayer,te,LV,38.260000000000005,54.56,70.86000000000001,
OttoCa00,Cade Otton,te,TB,63.72,87.22,110.72,
HenrHu00,Hunter Henry,te,NE,73.47,95.22,116.97,
GesiMi00,Mike Gesicki,te,CIN,51.040000000000006,70.44,89.84,
HelmGu00,Gunnar Helm,te,TEN,55.17,76.27000000000001,97.37,
EngrEv00,Evan Engram,te,DEN,39.120000000000005,57.27,75.42,
FreiPa00,Pat Freiermuth,te,PIT,60.940000000000005,81.44,101.94,
SadiKe00,Kenyon Sadiq,te,NYJ,46.36000000000001,64.01,81.66,
BateJo00,John Bates,te,WAS,9.580000000000002,13.430000000000001,17.28,
StraBr00,Brenton Strange,te,JAX,69.81,93.11,116.41,
DulcGr00,Greg Dulcich,te,MIA,48.02,65.17,82.32,
NjokDa00,David Njoku,te,LAC,46.089999999999996,61.39,76.69,
BarnAJ00,AJ Barner,te,SEA,63.34,84.04,104.74000000000001,
GrayNo00,Noah Gray,te,KC,20.69,27.29,33.89,
OlivJo00,Josh Oliver,te,MIN,28.64,36.94,45.24,
GadsOr01,Oronde Gadsden,te,LAC,42.449999999999996,55.449999999999996,68.44999999999999,
KmetCo00,Cole Kmet,te,CHI,37.580000000000005,50.03,62.480000000000004,
FergTe00,Terrance Ferguson,te,LAR,70.16,92.71,115.25999999999999,
TaylMa01,Mason Taylor,te,NYJ,39.2,56.35,73.5,
TremTo00,Tommy Tremble,te,CAR,21.630000000000003,29.180000000000003,36.730000000000004,
WallDa00,Darren Waller,te,CAR,41.93000000000001,56.03000000000001,70.13000000000001,
JohnTh00,Theo Johnson,te,NYG,41.34,54.74,68.14,
HigbTy01,Tyler Higbee,te,LAR,15.670000000000002,20.470000000000002,25.270000000000003,
ParkCo00,Colby Parkinson,te,LAR,64.96000000000001,84.31,103.66000000000001,
TrauAd00,Adam Trautman,te,DEN,21.650000000000002,28.650000000000002,35.650000000000006,
SinnBe00,Ben Sinnott,te,WAS,12.11,16.36,20.61,
KnoxDa00,Dawson Knox,te,BUF,32.54,42.54,52.54,
SpanBr00,Brevyn Spann-Ford,te,DAL,19.61,26.61,33.61,
TongJa00,Jake Tonges,te,SF,16.56,21.86,27.159999999999997,
WashDa02,Darnell Washington,te,PIT,34.589999999999996,47.839999999999996,61.089999999999996,
SampDr00,Drew Sample,te,CIN,16.950000000000003,23.950000000000003,30.950000000000003,
ArroEl00,Elijah Arroyo,te,SEA,38.78,51.68,64.58,
EvanMi01,Mitchell Evans,te,CAR,12.440000000000001,17.04,21.64,
MoreFo00,Foster Moreau,te,HOU,18.190000000000005,24.690000000000005,31.190000000000005,
AlleDa01,Davis Allen,te,LAR,16.62,21.97,27.32,
FarrLu00,Luke Farrell,te,SF,13.090000000000002,17.89,22.69,
SmitJo02,Jonnu Smith,te,GB,24.94,33.29,41.64,
SchoLu00,Luke Schoonmaker,te,DAL,6.32,8.77,11.22,
RariEl00,Eli Raridon,te,NE,20.85,27.75,34.650000000000006,
MundJo00,Johnny Mundt,te,PHI,9.260000000000002,12.760000000000002,16.26,
BellDa03,Daniel Bellinger,te,TEN,18.66,25.41,32.16,
HoopAu00,Austin Hooper,te,ATL,21.22,28.869999999999997,36.519999999999996,
KleiMa00,Marlin Klein,te,HOU,14.240000000000002,19.840000000000003,25.44,
StovCa00,Cade Stover,te,HOU,7.3,10.45,13.6,
KacmWi00,Will Kacmarek,te,MIA,13.990000000000002,18.990000000000002,23.990000000000002,
AllxEr00,Erick All Jr.,te,CIN,31.559999999999995,42.86,54.16,
HiggEl00,Elijah Higgins,te,ARI,10.46,14.91,19.36,
WrigBr00,Brock Wright,te,DET,17.870000000000005,24.270000000000003,30.670000000000005,
WhylJo00,Josh Whyle,te,GB,5.09,6.9399999999999995,8.79,
BoerNa00,Nate Boerkircher,te,JAX,23.150000000000002,31.0,38.85,
MorrQu00,Quintin Morris,te,JAX,10.91,14.81,18.71,
HibnMa00,Matt Hibner,te,BAL,21.41,28.46,35.51,
SmytDu00,Durham Smythe,te,BAL,10.170000000000002,14.120000000000001,18.07,
KolaCh00,Charlie Kolar,te,LAC,29.27,37.67,46.07,
HudsTa00,Tanner Hudson,te,CIN,8.13,11.530000000000001,14.93,
AlieMo00,Mo Alie-Cox,te,IND,13.970000000000002,18.42,22.870000000000005,
ArkiTa00,Tanner Arkin,te,NE,0.165,0.23500000000000001,0.30500000000000005,
RuckJe00,Jeremy Ruckert,te,NYJ,9.73,14.38,19.03,
WoerCh00,Charlie Woerner,te,ATL,11.38,15.48,19.58,
MitcJa00,James Mitchell,te,DAL,0.1,0.15000000000000002,0.2,
WhitBl01,Blake Whiteheart,te,CLE,0.294,0.45399999999999996,0.614,
StolJa00,Jack Stoll,te,SF,0.0,0.0,0.0,
OgleAn00,Drew Ogletree,te,IND,8.420000000000002,11.570000000000002,14.720000000000002,
AdkiNa00,Nate Adkins,te,DEN,9.56,12.96,16.36,
BrinJa00,Jake Briningstool,te,KC,0.171,0.261,0.351,
CuevJo00,Josh Cuevas,te,BAL,0.1,0.15000000000000002,0.2,
SaubEr00,Eric Saubert,te,SEA,7.2299999999999995,9.78,12.329999999999998,
DurhPa00,Payne Durham,te,TB,10.400000000000002,14.200000000000003,18.0,
CulpDe00,Devin Culp,te,FA,0.1,0.135,0.17,
ConkTy00,Tyler Conklin,te,DET,12.240000000000002,17.240000000000002,22.240000000000002,
GalbJJ00,JJ Galbreath,te,FA,0.067,0.117,0.167,
StBrAm00,Amon-Ra St. Brown,wr,DET,154.83,198.53000000000003,242.23000000000002,
NacuPu00,Puka Nacua,wr,LAR,165.78000000000003,210.28000000000003,254.78000000000003,
SmitJa02,Jaxon Smith-Njigba,wr,SEA,143.04999999999998,184.29999999999998,225.54999999999998,
CollNi00,Nico Collins,wr,HOU,140.41000000000003,174.91000000000003,209.41000000000003,
ChasJa00,Ja'Marr Chase,wr,CIN,167.51000000000002,214.56,261.61,
JeffJu00,Justin Jefferson,wr,MIN,137.17000000000002,175.47000000000003,213.77,
LambCe00,CeeDee Lamb,wr,DAL,135.36,174.01000000000002,212.66000000000003,
LondDr00,Drake London,wr,ATL,127.93,166.68,205.43,
WillJa09,Jameson Williams,wr,DET,138.96,170.16,201.36,
MetcDK00,DK Metcalf,wr,PIT,110.07000000000002,139.77,169.47000000000003,
FlowZa00,Zay Flowers,wr,BAL,119.58000000000001,153.73000000000002,187.88,
SmitDe04,DeVonta Smith,wr,PHI,120.96000000000002,157.21000000000004,193.46000000000004,
WilsGa00,Garrett Wilson,wr,NYJ,106.26000000000002,140.96000000000004,175.66000000000003,
EgbuEm00,Emeka Egbuka,wr,TB,105.9,135.25,164.60000000000002,
EvanMi00,Mike Evans,wr,SF,106.34,130.99,155.64,
AdamDa01,Davante Adams,wr,LAR,98.77000000000001,123.92000000000002,149.07,
BurdLu00,Luther Burden III,wr,CHI,121.91000000000001,155.91000000000003,189.91000000000003,
HiggTe00,Tee Higgins,wr,CIN,127.08000000000001,158.08,189.08,
GoldMa00,Matthew Golden,wr,GB,98.69,126.39,154.09,
NailJa00,Jalen Nailor,wr,LV,58.830000000000005,74.83000000000001,90.83000000000001,
WortXa00,Xavier Worthy,wr,KC,97.39,120.03999999999999,142.69,
DiggSt00,Stefon Diggs,wr,WAS,81.77,107.62,133.47,
OlavCh00,Chris Olave,wr,NO,126.14000000000001,166.89000000000001,207.64000000000001,
TateCa00,Carnell Tate,wr,TEN,110.79,141.34,171.89000000000001,
JohnQu01,Quentin Johnston,wr,LAC,95.41,119.46,143.51,
WatsCh00,Christian Watson,wr,GB,124.31,149.96,175.61,
WilsMi01,Michael Wilson,wr,ARI,89.27000000000001,116.52000000000001,143.77,
PierAl00,Alec Pierce,wr,IND,103.80999999999999,125.50999999999999,147.20999999999998,
ReedJa01,Jayden Reed,wr,GB,106.35,131.25,156.14999999999998,
PickGe00,George Pickens,wr,DAL,139.76999999999998,174.61999999999998,209.46999999999997,
MoorDJ00,DJ Moore,wr,BUF,115.77000000000001,148.47000000000003,181.17000000000002,
SuttCo00,Courtland Sutton,wr,DEN,93.98,119.48,144.98000000000002,
WaddJa00,Jaylen Waddle,wr,DEN,119.81000000000002,154.11,188.41000000000003,
CokeJa01,Jalen Coker,wr,CAR,88.35000000000001,114.55000000000001,140.75,
McMiTe00,Tetairoa McMillan,wr,CAR,115.30000000000001,145.8,176.3,
WashPa01,Parker Washington,wr,JAX,126.02000000000002,161.32000000000002,196.62,
DougDe00,DeMario Douglas,wr,NE,68.64,90.44,112.24000000000001,
GodwCh00,Chris Godwin Jr.,wr,TB,94.45,124.75,155.05,
SamuDe00,Deebo Samuel Sr.,wr,SF,93.26,115.01,136.76,
RobiWa00,Wan'Dale Robinson,wr,TEN,76.41000000000001,107.16000000000001,137.91000000000003,
OdunRo00,Rome Odunze,wr,CHI,93.6,118.64999999999999,143.7,
PittMi01,Michael Pittman Jr,wr,PIT,64.17,87.57,110.97,
HarrMa05,Marvin Harrison Jr.,wr,ARI,78.86,102.91,126.96000000000001,
LemoMa00,Makai Lemon,wr,PHI,65.12,85.07000000000001,105.02000000000001,
McLaTe00,Terry McLaurin,wr,WAS,114.47000000000001,144.87,175.27,
ConcKC00,KC Concepcion Jr.,wr,CLE,104.01,133.91,163.81,
NabeMa00,Malik Nabers,wr,NYG,129.39,165.79,202.19,
TuckTr00,Tre Tucker,wr,LV,73.77999999999999,95.13,116.47999999999999,
DougCa00,Caleb Douglas,wr,MIA,70.66,91.91,113.16,
WashMa01,Malik Washington,wr,MIA,63.480000000000004,88.13,112.78,
ThomBr01,Brian Thomas Jr.,wr,JAX,106.99999999999999,133.89999999999998,160.79999999999998,
HarrTr03,Tre' Harris,wr,LAC,75.2,98.55000000000001,121.9,
BateRa00,Rashod Bateman,wr,BAL,48.35,60.3,72.25,
RaymKa00,Kalif Raymond,wr,CHI,57.34,74.64,91.94,
RiceRa01,Rashee Rice,wr,KC,117.84,147.04,176.24,
HollMa00,Mack Hollins,wr,NE,42.83,54.78,66.72999999999999,
BourKe00,Kendrick Bourne,wr,ARI,43.540000000000006,59.190000000000005,74.84,
AddiJo00,Jordan Addison,wr,MIN,94.42,117.82,141.22,
ShahRa00,Rashid Shaheed,wr,SEA,83.57000000000001,102.77000000000001,121.97,
DownJo00,Josh Downs,wr,IND,89.89,119.03999999999999,148.19,
VeleDe00,Devaughn Vele,wr,NO,57.660000000000004,75.61,93.56,
BechJa00,Jack Bech,wr,LV,40.830000000000005,53.88000000000001,66.93,
ShakKh00,Khalil Shakir,wr,BUF,71.17999999999999,93.72999999999999,116.28,
MeyeJa00,Jakobi Meyers,wr,JAX,65.94000000000001,86.94000000000001,107.94000000000001,
BostDe00,Denzel Boston,wr,CLE,79.16000000000001,103.01000000000002,126.86000000000001,
JeudJe00,Jerry Jeudy,wr,CLE,54.94,73.53999999999999,92.14,
DoubRo00,Romeo Doubs,wr,NE,99.42,125.02000000000001,150.62,
AlleKe00,Keenan Allen,wr,IND,67.98,91.43,114.88,
HutcXa00,Xavier Hutchinson,wr,HOU,50.000000000000014,64.85000000000001,79.70000000000002,
FlouRy00,Ryan Flournoy,wr,DAL,77.07000000000001,99.97,122.87,
BryaPa00,Pat Bryant,wr,DEN,66.30000000000001,87.85000000000001,109.4,
MitcAd00,Adonai Mitchell,wr,NYJ,50.14,66.89,83.64,
WilsRo02,Roman Wilson,wr,PIT,50.1,65.5,80.9,
JohnTe01,Tez Johnson,wr,TB,28.340000000000003,36.14,43.940000000000005,
IosiAn00,Andrei Iosivas,wr,CIN,53.56,67.71000000000001,81.86,
KuppCo00,Cooper Kupp,wr,SEA,47.24,61.290000000000006,75.34,
BoutKa00,Kayshon Boutte,wr,HOU,58.14,74.14,90.14,
HursTe00,Ted Hurst III,wr,TB,48.12,62.12,76.12,
DotsJa00,Jahan Dotson,wr,ATL,41.27,54.57000000000001,67.87,
BellCh01,Chris Bell,wr,MIA,29.610000000000003,38.61,47.61,
WickDo00,Dontayvion Wicks,wr,PHI,66.72,86.42,106.12,
DaviDe01,Derius Davis,wr,LAC,8.160000000000002,10.910000000000002,13.660000000000002,
PalmJo01,Joshua Palmer,wr,BUF,32.06000000000001,41.510000000000005,50.96000000000001,
TurpKa00,KaVontae Turpin,wr,DAL,27.660000000000004,35.46,43.260000000000005,
FielMa00,Malachi Fields,wr,NYG,51.17000000000001,66.42000000000002,81.67000000000002,
WillAn02,Antonio Williams,wr,WAS,34.02,44.120000000000005,54.22,
TeSlIs00,Isaac TeSlaa,wr,DET,50.63999999999999,65.69,80.74,
RidlCa00,Calvin Ridley,wr,TEN,51.650000000000006,65.75,79.85000000000001,
ThomBr02,Brenen Thompson,wr,LAC,27.130000000000003,35.13,43.13,
RobiDe01,Demarcus Robinson,wr,SF,31.340000000000003,38.84,46.34,
ZaccOl00,Olamide Zaccheaus,wr,ATL,20.22,26.919999999999998,33.62,
JennJa00,Jauan Jennings,wr,MIN,63.85000000000001,80.95000000000002,98.05000000000001,
LancBr00,Bryce Lance,wr,NO,22.12,28.87,35.620000000000005,
AyomEl00,Elic Ayomanor,wr,TEN,34.42,44.47,54.52,
NoelJa00,Jaylin Noel,wr,HOU,37.28,49.28,61.28,
ThorTy00,Tyquan Thornton,wr,KC,57.489999999999995,71.94,86.38999999999999,
ColeKE02,Kevin Coleman Jr.,wr,MIA,29.980000000000004,38.93000000000001,47.88,
WillKy01,Kyle Williams,wr,NE,27.360000000000003,34.86,42.36,
BernGe00,Germie Bernard,wr,PIT,31.14,38.74,46.34,
MoorCh00,Chris Moore,wr,BAL,1.4200000000000002,1.77,2.12,
BrowDy00,Dyami Brown,wr,WAS,23.67,31.270000000000003,38.870000000000005,
LegeXa00,Xavier Legette,wr,CAR,39.510000000000005,52.410000000000004,65.31,
FranTr00,Troy Franklin,wr,DEN,35.54,46.79,58.04,
WiliIs00,Isaiah Williams,wr,NYJ,22.080000000000002,30.78,39.480000000000004,
ColeKe01,Keon Coleman,wr,BUF,49.56,62.010000000000005,74.46000000000001,
MoonDa00,Darnell Mooney,wr,NYG,38.18,49.230000000000004,60.28,
WestLa00,LaJohntay Wester,wr,BAL,1.286,1.6360000000000001,1.986,
WalkJa01,Jahdae Walker,wr,CHI,0.0,0.0,0.0,
MingJo00,Jonathan Mingo,wr,DAL,3.27,4.47,5.67,
MimsMa00,Marvin Mims Jr.,wr,DEN,28.12,36.72,45.32,
AlleCy00,Cyrus Allen,wr,KC,24.220000000000002,31.120000000000005,38.02,
LaneJa00,Jaylin Lane,wr,WAS,10.530000000000001,13.780000000000001,17.03,
SmitAr01,Arian Smith,wr,NYJ,16.540000000000003,21.990000000000002,27.440000000000005,
DikeCh00,Chimere Dike,wr,TEN,18.97,25.22,31.47,
MumpKo00,Konata Mumpfield,wr,LAR,11.120000000000001,14.270000000000001,17.42,
HendEm00,Emmanuel Henderson Jr.,wr,SEA,0.48000000000000004,0.5950000000000001,0.7100000000000001,
WestNi00,Nick Westbrook-Ikhine,wr,IND,0.447,0.547,0.647,
BensMa00,Malik Benson,wr,LV,16.21,21.51,26.810000000000002,
BranZa00,Zachariah Branch,wr,ATL,48.870000000000005,58.57000000000001,68.27000000000001,
TillCe00,Cedric Tillman,wr,NO,0.30000000000000004,0.41500000000000004,0.53,
FeltTa00,Tai Felton,wr,MIN,26.430000000000003,34.18000000000001,41.93000000000001,
BrowBa01,Barion Brown,wr,NO,7.16,9.41,11.66,
ChisEf00,Efton Chism III,wr,NE,0.367,0.507,0.647,
ReedJa02,Ja'Seem Reed,wr,CAR,0.2,0.28500000000000003,0.37,
CameJo01,Josh Cameron,wr,JAX,0.474,0.6539999999999999,0.834,
RoyaJa00,Jalen Royals,wr,KC,16.990000000000002,21.740000000000002,26.490000000000002,
SlayDa00,Darius Slayton,wr,FA,0.0,0.0,0.0,
BerrBr00,Braxton Berrios,wr,NYG,0.2,0.28500000000000003,0.37,
BrowMa05,Hollywood Brown,wr,PHI,10.620000000000001,14.170000000000002,17.72,
WhitJo04,Jordan Whittington,wr,LAR,32.160000000000004,42.56,52.96000000000001,
MoorDa01,David Moore,wr,CAR,0.167,0.252,0.337,
MeyeDo00,Dohnte Meyers,wr,CIN,27.1,35.150000000000006,43.2,
CowiJa00,Jacob Cowing,wr,SF,2.84,3.69,4.54,
DuliAs00,Ashton Dulin,wr,IND,7.53,9.93,12.33,
TreaLa00,Laquon Treadwell,wr,IND,16.39,21.44,26.490000000000002,
WaynJa00,Jared Wayne,wr,HOU,15.100000000000001,20.0,24.900000000000002,
WhitCo01,Cody White,wr,LV,0.133,0.183,0.233,
HornJi00,Jimmy Horn Jr.,wr,FA,11.72,15.420000000000002,19.12,
ThomZa01,Zavion Thomas,wr,CHI,23.280000000000005,27.630000000000003,31.980000000000004,
TinsMi00,Mitch Tinsley,wr,HOU,0.1,0.15000000000000002,0.2,
YounCo00,Colbie Young,wr,CIN,11.680000000000001,15.380000000000003,19.080000000000002,
BondIs00,Isaiah Bond,wr,CLE,37.79,49.739999999999995,61.69,
WeavXa00,Xavier Weaver,wr,FA,0.1,0.15000000000000002,0.2,
HumpLi00,Lil'Jordan Humphrey,wr,DEN,6.6899999999999995,8.94,11.19,
MeltBo00,Bo Melton,wr,GB,0.18300000000000002,0.258,0.333,
MoorSk00,Skyy Moore,wr,GB,12.150000000000002,15.850000000000001,19.550000000000004,
MarsTe00,Terrace Marshall Jr,wr,FA,0.1,0.135,0.17,
SkowBe00,Ben Skowronek,wr,PIT,13.010000000000002,17.310000000000002,21.61,
SmitXa00,Xavier Smith,wr,LAR,0.198,0.278,0.358,
AbanIs00,Israel Abanikanda,rb,FA,0.24600000000000002,0.24600000000000002,0.24600000000000002,
SingNi00,Nicholas Singleton,rb,TEN,25.67,29.57,33.47,
GoreFr01,Frank Gore Jr.,rb,BUF,0.15800000000000003,0.15800000000000003,0.15800000000000003,
BoweBr00,Brock Bowers,te,LV,112.23,154.43,196.63,
OkonCh00,Chig Okonkwo,te,WAS,62.230000000000004,85.23,108.23,
GranKy00,Kylen Granson,te,TEN,3.0000000000000004,4.050000000000001,5.1000000000000005,
DelpOs00,Oscar Delp,te,NO,15.440000000000001,21.19,26.94,
SandJa00,Ja'Tavion Sanders,te,CAR,5.720000000000001,8.370000000000001,11.02,
RousSa00,Sam Roush,te,CHI,21.75,29.15,36.55,
ManhCh00,Chris Manhertz,te,NYG,0.034999999999999996,0.05499999999999999,0.075,
RyanCa00,Carsen Ryan,te,CLE,0.031,0.051000000000000004,0.07100000000000001,
LongHu00,Hunter Long,te,ARI,4.95,6.95,8.95,
McCoLa00,Ladd McConkey,wr,LAC,115.03,147.03,179.03,
CoopOm00,Omar Cooper Jr.,wr,NYJ,34.23,45.379999999999995,56.53,
McMiJa00,Jalen McMillan,wr,TB,67.21000000000001,84.31,101.41000000000001,
WalkDe01,Devontez Walker,wr,BAL,36.080000000000005,46.13000000000001,56.18000000000001,
AtweTu00,Tutu Atwell,wr,LAR,8.93,11.379999999999999,13.83,
McCaLu00,Luke McCaffrey,wr,WAS,15.95,20.7,25.45,
BeckOd01,Odell Beckham Jr,wr,NYG,17.930000000000003,23.430000000000003,28.930000000000003,
WallTy00,Tylan Wallace,wr,CLE,0.06899999999999999,0.09899999999999999,0.129,
DaniCJ00,CJ Daniels,wr,LAR,9.340000000000002,12.090000000000002,14.840000000000002,
MetcJo00,John Metchie III,wr,CAR,7.8500000000000005,10.850000000000001,13.850000000000001,
PatrTi00,Tim Patrick,wr,NYJ,6.54,8.64,10.74,
RestXa00,Xavier Restrepo,wr,TEN,0.042,0.062,0.082,
TuckSe00,Sean Tucker,rb,TB,59.370000000000005,63.370000000000005,67.37,
SarrEl00,Elijah Sarratt,wr,BAL,19.110000000000003,24.610000000000003,30.110000000000003,
HortTo00,Tory Horton,wr,SEA,28.710000000000004,36.910000000000004,45.11,
CoopDa00,Darius Cooper,wr,PHI,18.45,24.2,29.95,
HeidEl00,Eli Heidenreich,rb,PIT,21.07,25.87,30.67,
BartGa00,Gavin Bartholomew,te,MIN,12.870000000000001,17.42,21.97,
TraoSe00,Seydou Traore,te,MIA,10.090000000000002,13.790000000000003,17.490000000000002,
ChesJu00,Julius Chestnut,rb,TEN,15.63,18.53,21.43,
WetjKa00,Kaden Wetjen,wr,PIT,11.97,15.77,19.57,
HaweJa00,Jackson Hawes,te,BUF,8.220000000000002,11.070000000000002,13.920000000000002,
BurkDe00,Deion Burks,wr,IND,9.020000000000001,11.82,14.620000000000001,
JohnRo07,Roschon Johnson,rb,CHI,16.14,16.84,17.54,
PricMy00,Myles Price,wr,MIN,7.920000000000001,10.270000000000001,12.620000000000001,
RiveRo01,Ronnie Rivers,rb,LAR,13.599999999999998,14.599999999999998,15.599999999999998,
BrooBr00,British Brooks,rb,HOU,13.180000000000001,14.280000000000001,15.380000000000003,
WatkJo00,Jordan Watkins,wr,SF,4.800000000000001,6.200000000000001,7.6000000000000005,
BrooJa02,Jalen Brooks,wr,ARI,6.210000000000001,8.46,10.71,
TonyRo00,Robert Tonyan Jr,te,PIT,6.58,9.08,11.58,
VirgRe00,Reggie Virgil,wr,ARI,5.63,7.63,9.629999999999999,
WileJa00,Jared Wiley,te,KC,4.45,5.95,7.45,
BadiTy00,Tyler Badie,rb,DEN,6.42,6.42,6.42,
FidoTh00,Thomas Fidone II,te,NYG,3.04,4.1899999999999995,5.34,
sfoxxx99,San Francisco 49ers,td,SF,0.0,0.0,0.0,
tamxxx99,Tampa Bay Buccaneers,td,TB,0.0,0.0,0.0,
phixxx99,Philadelphia Eagles,td,PHI,0.0,0.0,0.0,
sdgxxx99,Los Angeles Chargers,td,LAC,0.0,0.0,0.0,
nwexxx99,New England Patriots,td,NE,0.0,0.0,0.0,
gnbxxx99,Green Bay Packers,td,GB,0.0,0.0,0.0,
ravxxx99,Baltimore Ravens,td,BAL,0.0,0.0,0.0,
kanxxx99,Kansas City Chiefs,td,KC,0.0,0.0,0.0,
htxxxx99,Houston Texans,td,HOU,0.0,0.0,0.0,
seaxxx99,Seattle Seahawks,td,SEA,0.0,0.0,0.0,
chixxx99,Chicago Bears,td,CHI,0.0,0.0,0.0,
ramxxx99,Los Angeles Rams,td,LAR,0.0,0.0,0.0,
carxxx99,Carolina Panthers,td,CAR,0.0,0.0,0.0,
denxxx99,Denver Broncos,td,DEN,0.0,0.0,0.0,
dalxxx99,Dallas Cowboys,td,DAL,0.0,0.0,0.0,
crdxxx99,Arizona Cardinals,td,ARI,0.0,0.0,0.0,
bufxxx99,Buffalo Bills,td,BUF,0.0,0.0,0.0,
atlxxx99,Atlanta Falcons,td,ATL,0.0,0.0,0.0,
nyjxxx99,New York Jets,td,NYJ,0.0,0.0,0.0,
cinxxx99,Cincinnati Bengals,td,CIN,0.0,0.0,0.0,
pitxxx99,Pittsburgh Steelers,td,PIT,0.0,0.0,0.0,
otixxx99,Tennessee Titans,td,TEN,0.0,0.0,0.0,
clexxx99,Cleveland Browns,td,CLE,0.0,0.0,0.0,
wasxxx99,Washington Commanders,td,WAS,0.0,0.0,0.0,
jaxxxx99,Jacksonville Jaguars,td,JAX,0.0,0.0,0.0,
raixxx99,Las Vegas Raiders,td,LV,0.0,0.0,0.0,
minxxx99,Minnesota Vikings,td,MIN,0.0,0.0,0.0,
cltxxx99,Indianapolis Colts,td,IND,0.0,0.0,0.0,
norxxx99,New Orleans Saints,td,NO,0.0,0.0,0.0,
detxxx99,Detroit Lions,td,DET,0.0,0.0,0.0,
nygxxx99,New York Giants,td,NYG,0.0,0.0,0.0,
miaxxx99,Miami Dolphins,td,MIA,0.0,0.0,0.0,
WillGa99,Garrett Williams,cb,ARI,0.0,0.0,0.0,
TaylDa97,Dadrion Taylor-Demerson,s,ARI,0.0,0.0,0.0,
ProcKa99,Kaleb Proctor,dt,ARI,0.0,0.0,0.0,
JoneJu99,Justin Jones,dt,FA,0.0,0.0,0.0,
SimoCo98,Cody Simon,lb,ARI,0.0,0.0,0.0,
SharKa99,Karson Sharar,lb,ARI,0.0,0.0,0.0,
TaylKe99,Keith Taylor,cb,FA,0.0,0.0,0.0,
BowmBi99,Billy Bowman Jr.,s,ATL,0.0,0.0,0.0,
FullJo99,Jordan Fuller,s,FA,0.0,0.0,0.0,
HellDe99,DeMarcco Hellams,s,ATL,0.0,0.0,0.0,
HandDa99,Da'Shawn Hand,dt,ATL,0.0,0.0,0.0,
ThomAn99,Anterio Thompson,dt,ATL,0.0,0.0,0.0,
HarrZa99,Zach Harrison,dt,ATL,0.0,0.0,0.0,
WalkJa99,Jalon Walker,de,ATL,0.0,0.0,0.0,
PearJa99,James Pearce Jr.,de,ATL,0.0,0.0,0.0,
OjulAz99,Azeez Ojulari,de,LV,0.0,0.0,0.0,
HarrCh94,Christian Harris,lb,ATL,0.0,0.0,0.0,
BertJD99,JD Bertrand,lb,ATL,0.0,0.0,0.0,
TampTJ99,T.J. Tampa Jr.,cb,BAL,0.0,0.0,0.0,
ArmoJa99,Jalyn Armour-Davis,cb,FA,0.0,0.0,0.0,
RiveCh98,Chandler Rivers,cb,BAL,0.0,0.0,0.0,
BuchTe99,Teddye Buchanan,lb,BAL,0.0,0.0,0.0,
JackDa99,Dane Jackson,cb,FA,0.0,0.0,0.0,
WhitTr98,Tre'Davious White,cb,FA,0.0,0.0,0.0,
StonGe99,Geno Stone,s,BUF,0.0,0.0,0.0,
KilgJa99,Jalon Kilgore,s,BUF,0.0,0.0,0.0,
SandTJ99,T.J. Sanders,dt,BUF,0.0,0.0,0.0,
DuraZa99,Zane Durant,dt,BUF,0.0,0.0,0.0,
JoneDa97,DaQuan Jones,dt,NE,0.0,0.0,0.0,
BosaJo99,Joey Bosa,de,FA,0.0,0.0,0.0,
JudoMa99,Matthew Judon,de,FA,0.0,0.0,0.0,
AndrJo99,Joe Andreessen,lb,BUF,0.0,0.0,0.0,
WheaZa99,Zakee Wheatley,s,CAR,0.0,0.0,0.0,
WharTe99,Tershawn Wharton,dt,CAR,0.0,0.0,0.0,
RayxLa98,LaBryan Ray,de,FA,0.0,0.0,0.0,
ScouNi99,Nic Scourton,de,CAR,0.0,0.0,0.0,
JonePa99,Patrick Jones II,de,CAR,0.0,0.0,0.0,
KuwaJa99,Jackson Kuwatch,lb,CAR,0.0,0.0,0.0,
DodsTy99,Tyrel Dodson,lb,CAR,0.0,0.0,0.0,
JoneJa91,Jaylon Jones,cb,TEN,0.0,0.0,0.0,
GordKy99,Kyler Gordon,cb,CHI,0.0,0.0,0.0,
PhilCl98,Clark Phillips III,cb,CHI,0.0,0.0,0.0,
BryaCo96,Coby Bryant,s,CHI,0.0,0.0,0.0,
WoodXa98,Xavier Woods,s,CHI,0.0,0.0,0.0,
TurnSh99,Shemar Turner,dt,CHI,0.0,0.0,0.0,
ElliKe95,Keyshaun Elliott,lb,CHI,0.0,0.0,0.0,
SeweNo99,Noah Sewell,lb,CHI,0.0,0.0,0.0,
NewtJo99,Josh Newton,cb,CIN,0.0,0.0,0.0,
RobiLa98,Landon Robinson,dt,CIN,0.0,0.0,0.0,
StewSh99,Shemar Stewart,de,CIN,0.0,0.0,0.0,
PridTo99,Toriano Pride Jr.,cb,CLE,0.0,0.0,0.0,
WrigAl99,Alex Wright,de,CLE,0.0,0.0,0.0,
JeffJu99,Justin Jefferson,lb,CLE,0.0,0.0,0.0,
StewRe99,Reddy Steward,cb,DAL,0.0,0.0,0.0,
CarsCa99,Caelen Carson,cb,DAL,0.0,0.0,0.0,
DiggTr99,Trevon Diggs,cb,SEA,0.0,0.0,0.0,
MoorDe98,Devin Moore,cb,DAL,0.0,0.0,0.0,
HookMa99,Malik Hooker,s,DAL,0.0,0.0,0.0,
BridTr99,Trikweze Bridges,s,CIN,0.0,0.0,0.0,
WilsDo99,Donovan Wilson,s,FA,0.0,0.0,0.0,
LiufMa99,Marist Liufau,de,DAL,0.0,0.0,0.0,
AbraKr99,Kris Abrams-Draine,cb,DEN,0.0,0.0,0.0,
RappTa99,Taylor Rapp,s,DEN,0.0,0.0,0.0,
KeyxDe99,Devon Key,s,DEN,0.0,0.0,0.0,
AndeTy99,Tycen Anderson,s,DEN,0.0,0.0,0.0,
ScotMi98,Miles Scott,s,DEN,0.0,0.0,0.0,
OnyeTy99,Tyler Onyedim,dt,DEN,0.0,0.0,0.0,
CoopJo98,Jonathon Cooper,de,DEN,0.0,0.0,0.0,
JoseKe98,Kerby Joseph,s,DET,0.0,0.0,0.0,
BranBr99,Brian Branch,s,DET,0.0,0.0,0.0,
IzieCh99,Christian Izien,s,DET,0.0,0.0,0.0,
OnwuLe99,Levi Onwuzurike,dt,DET,0.0,0.0,0.0,
TurnPa99,Payton Turner,de,DET,0.0,0.0,0.0,
HassAh99,Ahmed Hassanein,de,DET,0.0,0.0,0.0,
WestTy99,Tyre West,dt,FA,0.0,0.0,0.0,
DaveMa99,Marcus Davenport,de,CHI,0.0,0.0,0.0,
RoldJi99,Jimmy Rolder,lb,DET,0.0,0.0,0.0,
BartSh99,Shemar Bartholomew,cb,FA,0.0,0.0,0.0,
HaddKa99,Kamal Hadden,cb,GB,0.0,0.0,0.0,
JackDo98,Domani Jackson,cb,GB,0.0,0.0,0.0,
BrinWa99,Warren Brinson,dt,GB,0.0,0.0,0.0,
ParsMi99,Micah Parsons,de,GB,0.0,0.0,0.0,
OlivCo99,Collin Oliver,de,GB,0.0,0.0,0.0,
NiemNi99,Nick Niemann,lb,GB,0.0,0.0,0.0,
SmitJa95,Jaylin Smith,cb,HOU,0.0,0.0,0.0,
SmitTr98,Tremon Smith,cb,HOU,0.0,0.0,0.0,
McDoKa99,Kayden McDonald,dt,HOU,0.0,0.0,0.0,
HortDy99,Dylan Horton,de,HOU,0.0,0.0,0.0,
SpeeE.99,E.J. Speed,lb,HOU,0.0,0.0,0.0,
FishAi99,Aiden Fisher,lb,HOU,0.0,0.0,0.0,
MapuMa99,Marte Mapu,lb,FA,0.0,0.0,0.0,
TaylCa99,Cam Taylor-Britt,cb,IND,0.0,0.0,0.0,
BlacMe99,Mekhi Blackmon,cb,CLE,0.0,0.0,0.0,
WohlHu99,Hunter Wohler,s,IND,0.0,0.0,0.0,
GumbGe99,George Gumbs Jr.,de,IND,0.0,0.0,0.0,
AlleCJ99,CJ Allen,lb,IND,0.0,0.0,0.0,
AjiaAu99,Austin Ajiake,lb,IND,0.0,0.0,0.0,
ThorJu98,Juan Thornhill,s,FA,0.0,0.0,0.0,
OgbaEm99,Emmanuel Ogbah,de,KC,0.0,0.0,0.0,
SmooDa99,Dawuane Smoot,de,FA,0.0,0.0,0.0,
WillWe99,Wesley Williams,de,JAX,0.0,0.0,0.0,
DurfZa99,Zach Durfee,de,JAX,0.0,0.0,0.0,
HughPa99,Parker Hughes,lb,JAX,0.0,0.0,0.0,
DelaMa99,Mansoor Delane,cb,KC,0.0,0.0,0.0,
CanaJa99,Jadon Canady,cb,KC,0.0,0.0,0.0,
NormOm99,Omarr Norman-Lott,dt,KC,0.0,0.0,0.0,
DannMi99,Mike Danna,de,BUF,0.0,0.0,0.0,
KellKy98,Kyu Blu Kelly,cb,FA,0.0,0.0,0.0,
LuteDa99,Darrell Luter Jr.,cb,LV,0.0,0.0,0.0,
RichDe98,Decamerion Richardson,cb,NO,0.0,0.0,0.0,
McCoJe99,Jermod McCoy,cb,LV,0.0,0.0,0.0,
McCoTr99,Tristin McCollum,s,LV,0.0,0.0,0.0,
JohnDa96,Dalton Johnson,s,LV,0.0,0.0,0.0,
CrawKe98,Keyron Crawford,de,LV,0.0,0.0,0.0,
SnowCh98,Charles Snowden,de,FA,0.0,0.0,0.0,
LindCo99,Cody Lindenberg,lb,LV,0.0,0.0,0.0,
MickRJ99,RJ Mickens,s,LAC,0.0,0.0,0.0,
PerrDe99,Denzel Perryman,lb,LAC,0.0,0.0,0.0,
WaxxMa99,Marlowe Wax,lb,LAC,0.0,0.0,0.0,
ForbEm99,Emmanuel Forbes Jr.,cb,LAR,0.0,0.0,0.0,
GarrMy99,Myles Garrett,de,LAR,0.0,0.0,0.0,
BakeDa98,Darrell Baker Jr.,cb,MIA,0.0,0.0,0.0,
DuckSt99,Storm Duck,cb,MIA,0.0,0.0,0.0,
AustAl99,Alex Austin,cb,FA,0.0,0.0,0.0,
WilsMa97,Marco Wilson,cb,FA,0.0,0.0,0.0,
HarrRo98,Ronnie Harrison Jr.,s,MIA,0.0,0.0,0.0,
DaviAs99,Ashtyn Davis,s,SF,0.0,0.0,0.0,
GranKe99,Kenneth Grant,dt,MIA,0.0,0.0,0.0,
JoneBe99,Benito Jones,dt,FA,0.0,0.0,0.0,
MoorTr98,Trey Moore,lb,MIA,0.0,0.0,0.0,
LlewMa99,Max Llewellyn,de,MIA,0.0,0.0,0.0,
LouiKy99,Kyle Louis,lb,MIA,0.0,0.0,0.0,
MoreFa99,Fabian Moreau,cb,WAS,0.0,0.0,0.0,
OkudJe99,Jeff Okudah,cb,FA,0.0,0.0,0.0,
DemmCh99,Charles Demmings,cb,MIN,0.0,0.0,0.0,
WardJa99,Jay Ward,s,MIN,0.0,0.0,0.0,
ThomJa97,Jakobe Thomas,s,MIN,0.0,0.0,0.0,
GoldJa97,Jake Golday,lb,MIN,0.0,0.0,0.0,
PrunKa99,Karon Prunty,cb,NE,0.0,0.0,0.0,
ReedJa97,Jaylen Reed,s,NE,0.0,0.0,0.0,
LandHa99,Harold Landry III,de,NE,0.0,0.0,0.0,
SwinBr99,Bradyn Swinson,de,PIT,0.0,0.0,0.0,
HutcQu99,Quintayvious Hutchins,de,NE,0.0,0.0,0.0,
BritK.99,K.J. Britt,lb,NE,0.0,0.0,0.0,
ObiaNa99,Namdi Obiazor,lb,NE,0.0,0.0,0.0,
MuasDa99,Darius Muasau,lb,NE,0.0,0.0,0.0,
JacoKh99,Khalil Jacobs,lb,NE,0.0,0.0,0.0,
BishBe99,Beanie Bishop Jr.,cb,FA,0.0,0.0,0.0,
HallTJ99,TJ Hall Jr.,cb,NO,0.0,0.0,0.0,
HowdJo99,Jordan Howden,s,NO,0.0,0.0,0.0,
StylLo99,Lorenzo Styles Jr.,s,NO,0.0,0.0,0.0,
BresBr99,Bryan Bresee,dt,NO,0.0,0.0,0.0,
JordCa99,Cameron Jordan,de,NO,0.0,0.0,0.0,
RumpCh99,Chris Rumph II,de,NO,0.0,0.0,0.0,
DiggFa99,Fadil Diggs,de,NO,0.0,0.0,0.0,
StalIs99,Isaiah Stalbird,lb,NO,0.0,0.0,0.0,
PinnJa99,Jason Pinnock,s,NYG,0.0,0.0,0.0,
JamiBo99,Bobby Jamison-Travis,dt,NYG,0.0,0.0,0.0,
McFaMi98,Micah McFadden,lb,NYG,0.0,0.0,0.0,
BarnZa99,Zaire Barnes,lb,NYG,0.0,0.0,0.0,
KellJa99,Jack Kelly,lb,NYG,0.0,0.0,0.0,
WrigNa99,Nahshon Wright,cb,NYJ,0.0,0.0,0.0,
StigQw99,Qwan'tez Stiggers,cb,NYJ,0.0,0.0,0.0,
PondDA99,D'Angelo Ponds,cb,NYJ,0.0,0.0,0.0,
PaynVJ99,VJ Payne,s,NYJ,0.0,0.0,0.0,
SaunKh99,Khalen Saunders,dt,FA,0.0,0.0,0.0,
OssaJo99,Joseph Ossai,de,NYJ,0.0,0.0,0.0,
BaroTy99,Tyler Baron,de,NYJ,0.0,0.0,0.0,
WallTr99,Trevin Wallace,lb,NYJ,0.0,0.0,0.0,
JoneJo98,Jonathan Jones,cb,PHI,0.0,0.0,0.0,
RingKe99,Kelee Ringo,cb,PHI,0.0,0.0,0.0,
McWiMa98,Mac McWilliams,cb,PHI,0.0,0.0,0.0,
RobiTy98,Ty Robinson,dt,PHI,0.0,0.0,0.0,
GreeJo98,Jonathan Greenard,de,PHI,0.0,0.0,0.0,
TrotJe98,Jeremiah Trotter Jr.,lb,PHI,0.0,0.0,0.0,
EchoBr99,Brandin Echols,cb,PIT,0.0,0.0,0.0,
ElliDe98,DeShon Elliott,s,PIT,0.0,0.0,0.0,
SavaDa99,Darnell Savage,s,FA,0.0,0.0,0.0,
EkuaDa99,Daniel Ekuale,dt,FA,0.0,0.0,0.0,
RubiGa99,Gabriel Rubio,dt,PIT,0.0,0.0,0.0,
HobbNa99,Nate Hobbs,cb,SF,0.0,0.0,0.0,
PrysEp99,Ephesians Prysock,cb,SF,0.0,0.0,0.0,
CollAl99,Alfred Collins,dt,SF,0.0,0.0,0.0,
WillMy99,Mykel Williams,de,SF,0.0,0.0,0.0,
OkuaSa99,Sam Okuayinonu,de,SF,0.0,0.0,0.0,
MartNi99,Nick Martin,lb,SF,0.0,0.0,0.0,
BethTa99,Tatum Bethune,lb,SF,0.0,0.0,0.0,
GiffLu99,Luke Gifford,lb,SF,0.0,0.0,0.0,
ArnoTe99,Terrion Arnold,cb,SEA,0.0,0.0,0.0,
NealJu99,Julian Neal,cb,SEA,0.0,0.0,0.0,
DansMi99,Michael Dansby,cb,SEA,0.0,0.0,0.0,
EmmaNi99,Nick Emmanwori,s,SEA,0.0,0.0,0.0,
OkadTy99,Ty Okada,s,SEA,0.0,0.0,0.0,
ClarBu99,Bud Clark,s,SEA,0.0,0.0,0.0,
MorrMi99,Mike Morris,dt,SEA,0.0,0.0,0.0,
HayeJo98,Josh Hayes,cb,TB,0.0,0.0,0.0,
CapeDe99,DeMonte Capehart,dt,TB,0.0,0.0,0.0,
WalkDa97,David Walker,de,TB,0.0,0.0,0.0,
RozeCh99,Christian Rozeboom,lb,TB,0.0,0.0,0.0,
WillJo91,Joshua Williams,cb,TEN,0.0,0.0,0.0,
RobiMi99,Micah Robinson,cb,TEN,0.0,0.0,0.0,
MarsJa97,Jackie Marshall,dt,TEN,0.0,0.0,0.0,
HarrJa96,Jaylen Harrell,de,TEN,0.0,0.0,0.0,
GrayCe98,Cedric Gray,lb,TEN,0.0,0.0,0.0,
DiabMo98,Mohamoud Diabate,lb,TEN,0.0,0.0,0.0,
PappOw99,Owen Pappoe,lb,TEN,0.0,0.0,0.0,
AmosTr99,Trey Amos,cb,WAS,0.0,0.0,0.0,
WithAh99,Ahkello Witherspoon,cb,FA,0.0,0.0,0.0,
HarrWi98,Will Harris,s,FA,0.0,0.0,0.0,
ButlPe99,Percy Butler,s,WAS,0.0,0.0,0.0,
NewtJe99,Jer'Zhan Newton,dt,WAS,0.0,0.0,0.0,
DaviDJ99,DJ Davidson,dt,FA,0.0,0.0,0.0,
WiseDe99,Deatrich Wise Jr,de,WAS,0.0,0.0,0.0,
MedrKa99,Kain Medrano,lb,WAS,0.0,0.0,0.0,
WagnBo99,Bobby Wagner,lb,FA,0.0,0.0,0.0,
MeviHa44,Harrison Mevis,pk,FA,0.0,0.0,0.0,
ReicWi44,Will Reichard,pk,FA,0.0,0.0,0.0,
MurrKy00,Kyler Murray,qb,MIN,249.22000000000003,249.22000000000003,249.22000000000003,
DarnSa00,Sam Darnold,qb,SEA,189.9,189.9,189.9,
MendFe00,Fernando Mendoza,qb,LV,133.482,133.482,133.482,
BrowAJ00,A.J. Brown,wr,NE,95.57000000000001,120.77000000000001,145.97,
CharZa00,Zach Charbonnet,rb,SEA,87.43,98.93,110.43,
TysoJo00,Jordyn Tyson,wr,NO,56.77000000000001,74.57000000000001,92.37,
SandSh00,Shedeur Sanders,qb,CLE,71.616,71.616,71.616,
StriDe00,De'Zhaun Stribling,wr,SF,51.33,66.17999999999999,81.03,
LaneJa01,Ja'Kobi Lane,wr,BAL,45.660000000000004,58.71000000000001,71.76,
PachIs00,Isiah Pacheco,rb,DET,51.580000000000005,58.63,65.68,
BeckCa00,Carson Beck,qb,ARI,54.192,54.192,54.192,
SampDy00,Dylan Sampson,rb,CLE,41.78,50.730000000000004,59.68,
AiyuBr00,Brandon Aiyuk,wr,SF,38.97,49.42,59.87,
JacoJo00,Josh Jacobs,rb,GB,39.45000000000001,42.95000000000001,46.45000000000001,
HillTy00,Tyreek Hill,wr,FA,34.09,42.89,51.690000000000005,
HarrNa00,Najee Harris,rb,NYG,37.58,40.78,43.98,
ClaiDe00,Demond Claiborne,rb,MIN,35.19,40.239999999999995,45.29,
McCaJJ00,J.J. McCarthy,qb,MIN,38.308,38.308,38.308,
DobbJo00,Joshua Dobbs,qb,DET,36.38400000000001,36.38400000000001,36.38400000000001,
RandAd00,Adam Randall,rb,BAL,31.830000000000005,36.03000000000001,40.230000000000004,
DellNa00,Tank Dell,wr,HOU,28.900000000000002,36.0,43.1,
FlacJo00,Joe Flacco,qb,CIN,34.9,34.9,34.9,
TaylTy00,Tyrod Taylor,qb,GB,33.55199999999999,33.55199999999999,33.55199999999999,
HoweSa00,Sam Howell,qb,DAL,33.36000000000001,33.36000000000001,33.36000000000001,
LancTr00,Trey Lance,qb,LAC,30.552,30.552,30.552,
BageTy00,Tyson Bagent,qb,CHI,30.095999999999997,30.095999999999997,30.095999999999997,
AlleKy00,Kyle Allen,qb,BUF,30.06,30.06,30.06,
StidJa00,Jarrett Stidham,qb,DEN,29.864000000000004,29.864000000000004,29.864000000000004,
FielJu00,Justin Fields,qb,KC,29.838000000000005,29.838000000000005,29.838000000000005,
RudoMa00,Mason Rudolph,qb,PIT,29.58,29.58,29.58,
DaniJa01,Jalon Daniels,qb,TB,28.688000000000002,28.688000000000002,28.688000000000002,
DeviTo00,Tommy DeVito,qb,NE,28.392,28.392,28.392,
WinsJa00,Jameis Winston,qb,NYG,28.252,28.252,28.252,
RattSp00,Spencer Rattler,qb,NO,27.891999999999996,27.891999999999996,27.891999999999996,
WillSa00,Savion Williams,wr,GB,22.630000000000003,27.830000000000002,33.03,
HuntTy00,Tyler Huntley,qb,BAL,27.824,27.824,27.824,
EwerQu00,Quinn Ewers,qb,JAX,27.612000000000005,27.612000000000005,27.612000000000005,
SimpTy00,Ty Simpson,qb,LAR,25.996,25.996,25.996,
ConnJa00,James Conner,rb,ARI,20.66,24.759999999999998,28.86,
MillDa00,Davis Mills,qb,HOU,24.64,24.64,24.64,
PickKe00,Kenny Pickett,qb,CAR,23.444000000000003,23.444000000000003,23.444000000000003,
JameJo02,Jordan James,rb,SF,20.249999999999996,23.199999999999996,26.15,
JoneMa04,Mac Jones,qb,SF,23.156,23.156,23.156,
GiddDJ00,DJ Giddens,rb,IND,20.64,23.09,25.54,
MariMa01,Marcus Mariota,qb,WAS,22.972,22.972,22.972,
KlubCa00,Cade Klubnik,qb,NYJ,22.886000000000003,22.886000000000003,22.886000000000003,
TrubMi00,Mitchell Trubisky,qb,TEN,22.232000000000003,22.232000000000003,22.232000000000003,
KlarMa00,Max Klare,te,LAR,16.78,22.23,27.68,
RichAn00,Anthony Richardson Sr.,qb,IND,22.124000000000002,22.124000000000002,22.124000000000002,
BellSk00,Skyler Bell,wr,BUF,17.14,19.94,22.740000000000002,
McCoKy00,Kyle McCord,qb,MIA,19.742,19.742,19.742,
McKeTa00,Tanner McKee,qb,PHI,18.888,18.888,18.888,
JolyJu00,Justin Joly,te,MIA,12.13,16.53,20.93,
EtieTr01,Trevor Etienne,rb,CAR,15.190000000000001,16.19,17.19,
TolbJa00,Jalen Tolbert,wr,MIA,11.940000000000001,15.590000000000002,19.240000000000002,
StowEl00,Eli Stowers,te,PHI,11.200000000000001,15.350000000000001,19.5,
MusgLu00,Luke Musgrave,te,GB,10.41,14.56,18.71,
BurkTr00,Treylon Burks,wr,WAS,10.13,13.280000000000001,16.43,
TiptMa00,Mason Tipton,wr,NO,8.420000000000002,11.770000000000001,15.120000000000001,
EstiAu00,Audric Estimé,rb,NO,10.0,11.4,12.8,
HowaWi01,Will Howard,qb,PIT,10.992,10.992,10.992,
MilrJa00,Jalen Milroe,qb,SEA,10.588,10.588,10.588,
BennSt00,Stetson Bennett IV,qb,LAR,10.128,10.128,10.128,
LeoaRi00,Riley Leonard,qb,IND,8.792,8.792,8.792,
CookBr00,Brady Cook,qb,MIA,8.62,8.62,8.62,
GuerIs00,Isaac Guerendo,rb,SF,8.290000000000001,8.540000000000001,8.790000000000001,
MartAd00,Adrian Martinez,qb,FA,8.428,8.428,8.428,
ReimTi00,Tip Reiman,te,ARI,5.39,7.74,10.09,
MoorEl00,Elijah Moore,wr,PHI,5.86,7.710000000000001,9.56,
DaltAn00,Andy Dalton,qb,PHI,7.6720000000000015,7.6720000000000015,7.6720000000000015,
KaliAt00,Athan Kaliakmanis,qb,WAS,7.52,7.52,7.52,
EndrJa00,Jack Endries,te,CIN,5.2700000000000005,7.220000000000001,9.17,
KoziTa00,Tanner Koziol,te,JAX,4.68,6.38,8.08,
LambKe00,Keandre Lambert-Smith,wr,LAC,4.91,6.36,7.8100000000000005,
RoyeJo00,Joe Royer,te,CLE,3.89,5.24,6.59,
KirkCh00,Christian Kirk,wr,SF,3.5500000000000003,4.7,5.85,
SharBa00,Bauer Sharp,te,TB,3.29,4.34,5.390000000000001,
NwanKe00,Kene Nwangwu,rb,NYJ,2.94,2.94,2.94,
MinsGa00,Gardner Minshew II,qb,ARI,2.8800000000000003,2.8800000000000003,2.8800000000000003,
WillBr04,Brayden Willis,te,SF,0.0,0.0,0.0,
BateBr00,Brenden Bates,te,FA,0.0,0.0,0.0,
DortGr00,Greg Dortch,wr,BUF,0.0,0.0,0.0,
TaylPa00,Patrick Taylor Jr.,rb,FA,0.0,0.0,0.0,
